feature,sel_freq,mean_abs_coef,coef_at_Cstar,is_flag,cohens_d,t_p_fdr,mw_p_fdr,univariate_rank
S059,1.0,0.40854828590798214,0.4649787319642864,False,0.7936841121492163,3.988915066834807e-06,5.239633860583779e-10,1.0
S021,0.985,0.1124430162776672,0.16047201239907966,False,0.47478878643458783,0.10513026971897535,0.015437061356318206,13.0
S064,0.955,0.13686676517021545,0.18866091110948863,False,0.37997694746855265,0.20753646989573615,0.5671153200212602,31.666666666666668
S333,0.9,0.07149985000941735,0.1171340855502228,False,0.4049988560720657,0.10361170150942212,0.058567685883312404,16.666666666666668
S341,0.795,0.06284417286508273,0.10018003605961687,False,0.5745499148135673,0.01105234943652184,0.00504929917217645,3.6666666666666665
S346_isna,0.745,0.038109036363448506,-0.03557844660255918,True,,,,
S445,0.74,0.05910533950342175,0.1598019536721543,False,0.24308804076863053,0.14420757396509773,0.24848867794763677,52.0
S152,0.73,0.04962929784942933,0.08977128298507339,False,0.4034126583339519,0.18300170292724355,0.03732812000031547,23.666666666666668
S460,0.685,0.04028151644247174,0.08597646014654278,False,0.30122576116099536,0.14420757396509773,0.04972957378357316,42.0
S510,0.675,0.04557808115109028,0.05286570165420179,False,0.5015612548275231,0.02953774132282257,0.003648947000355185,8.333333333333334
S073_isna,0.665,0.007582662979037076,-2.4803850620334928e-06,True,,,,
S345_isna,0.66,0.007131151703443006,-0.014338269535945865,True,,,,
S129,0.65,0.04567551385848511,0.1009130194997247,False,0.4267696006351896,3.988915066834807e-06,0.014128047858714856,9.333333333333334
S072_isna,0.635,0.0060939415109215935,-0.02550495945702543,True,,,,
S584,0.625,0.0324190499538703,0.0800446111624767,False,0.33452103348447293,0.24083096566615908,0.3845573726075882,46.0
S115,0.455,0.020691138975159822,-0.040264792805376426,False,-0.24957026926564285,0.222748924086013,0.24848867794763677,56.666666666666664
S114,0.455,0.00945173149595682,0.010653470867288383,False,0.3343576966888179,0.5001549496650339,0.37452497295767595,72.33333333333333
S348,0.44,0.017966199825690844,0.0054329313812622555,False,0.3826377858967749,0.1440991807443509,0.09324475714646734,22.0
S063,0.43,0.02515855136093059,0.026418981817205464,False,0.3273968468134883,0.24085773934860674,0.5738662842220531,48.666666666666664
S280,0.425,0.01614922113509337,-0.0721704346523136,False,-0.2714680944125578,0.01105234943652184,0.1474417998171576,39.333333333333336
S102,0.4,0.017424296571074072,-0.029598307137458278,False,-0.20435458498942963,0.4093549048549527,0.19557462620177787,100.33333333333333
S014,0.39,0.014557039986410234,-0.03751133273740494,False,-0.2399594929763725,0.24085773934860674,0.260065110232348,65.0
S306,0.325,0.0122356835320632,0.030932749712118443,False,0.16426352017556498,0.5646102508205018,0.5908035446519494,132.33333333333334
S488,0.295,0.013149272102908475,-0.023136732708914542,False,-0.24577948084846785,0.222748924086013,0.24848867794763677,58.0
S000,0.265,0.012762375510067625,0.0,False,-0.32118697871451646,0.14420757396509773,0.014349207916218458,38.333333333333336
S423,0.23,0.008108506822002202,0.00862479529877509,False,0.14367124737905254,0.6532620853617516,0.8567644872764487,152.33333333333334
S126,0.22,0.00687066346089063,0.0,False,0.21025270183766556,0.36232377068089533,0.3845573726075882,90.0
S067,0.21,0.007329110742786452,0.0,False,0.24327509396970287,0.4021435415569087,0.6681178499077132,79.66666666666667
S301,0.19,0.007148108333724611,0.0,False,0.15908461856693243,0.6471567441408629,0.7819970686024711,143.33333333333334
S130,0.18,0.0052906380905590085,0.01182438250005424,False,0.23729192955848066,0.1440991807443509,0.404800742164386,55.0
S099,0.175,0.006274745155699518,0.012700834040603532,False,0.13251133687344058,0.6380002881289989,0.9346471355095644,159.66666666666666
S016,0.175,0.0060795048524666185,0.0,False,0.16256088474487793,0.5732820355752432,0.5982782540859355,136.66666666666666
S133,0.16,0.0051198956476742,0.0,False,0.2058023293946362,0.2666201305019033,0.313466794512339,83.0
S125,0.145,0.004758016782538676,0.0,False,-0.34894779585013014,0.006201919829304349,0.09593517629681449,22.666666666666668
S443,0.135,0.011922134531099061,0.0,False,0.23430275999992423,0.18300170292724355,0.25544422046664633,61.666666666666664
S033,0.13,0.0024157778568323724,0.0,False,0.3406893210496262,0.36353941131455225,0.015133984711733333,57.333333333333336
S477,0.125,0.008952000711941074,0.0,False,0.5522596636214123,0.01105234943652184,0.003648947000355185,4.666666666666667
S031,0.12,0.003869884330204295,-0.006869073572551648,False,-0.20012583653901656,0.2416401713083928,0.931071313734607,84.0
S486,0.12,0.0031606240082486937,0.013679392539309632,False,0.10065969275866674,0.7174293155084572,0.6160690538802065,216.33333333333334
S117,0.12,0.0030479435669825607,0.0,False,-0.16489654737858755,0.5732820355752432,0.8567644872764487,133.0
S103,0.115,0.004018317454142922,0.0,False,0.5191345363641244,0.006201919829304349,0.0006080077973777558,4.333333333333333
S143,0.115,0.003687557612333611,0.0,False,-0.18669843835796954,0.2862722176550626,0.5340663057909248,98.33333333333333
S138,0.115,0.003164995282148542,0.0,False,0.21157616137275156,0.3932385035061234,0.5699381378981665,93.0
S071,0.115,0.00314351464388813,0.014318935027030293,False,0.015761574585738222,0.9752309678645957,0.8104650304185016,401.0
S365,0.115,0.002635067389032194,0.0,False,0.1992051569989765,0.4505976501565579,0.33813569199360727,104.0
S172,0.11,0.0071910075565483015,0.0,False,0.23797511983019193,0.1712152177411397,0.2574910571671461,57.333333333333336
S583,0.105,0.00394074174632257,0.0,False,0.2957672625927842,0.2862722176550626,0.6247365245436534,60.333333333333336
S310,0.105,0.003782181478393313,0.020457037331750198,False,0.14308560106022375,0.49622139677774074,0.5671153200212602,144.33333333333334
S213,0.1,0.002367949709826388,0.0,False,0.27240612274880016,0.222748924086013,0.16634094035458016,55.0
S354,0.095,0.0032528242942033835,0.0,False,-0.2326004669000055,0.2862722176550626,0.2237621126044014,76.66666666666667
S200,0.09,0.0022840904403420553,0.0,False,0.16314137300334486,0.49773547200819346,0.5385549770429117,130.66666666666666
S175,0.085,0.0032405297755211553,0.0,False,0.1747230694676959,0.3854201783609958,0.33249393708693126,113.33333333333333
S571,0.085,0.0018501096128173908,0.0,False,-0.0471821385465835,0.9346524478001572,0.7653515936395213,330.3333333333333
S090,0.08,0.0022235541792534137,0.0,False,-0.24109207578031006,0.14420757396509773,0.2065059713819274,52.0
S511,0.065,0.0021289611351164818,0.0,False,0.1721381628794454,0.4860039827775739,0.5216102277294701,123.33333333333333
S491,0.065,0.0014724120878110455,0.0,False,0.18330377603488235,0.45363494930696885,0.30979423339131673,113.33333333333333
S188,0.065,0.0008271946987642663,0.0,False,0.22056951777376,0.2862722176550626,0.28102019015258095,81.0
S171,0.055,0.001586780866342467,0.0,False,0.15984172727130647,0.5825124489929981,0.6278379663738051,139.0
S121,0.055,0.0011305345152279646,0.0,False,0.16384142792866505,0.3854201783609958,0.5908035446519494,119.66666666666667
S205,0.05,0.002857237157795908,0.0,False,0.5493813148824173,0.011224467830817132,0.003648947000355185,5.666666666666667
S425,0.045,0.003960839056219836,0.0,False,0.3878728445521612,0.18300170292724355,0.07165883784203973,26.0
S304,0.045,0.0013474174696231085,0.0,False,0.04148442425126321,0.9179959505019263,0.9621108787713828,337.0
S349,0.045,0.00105018861136711,0.0,False,0.12584269013940103,0.7174293155084572,0.9589431191073129,188.0
S019,0.045,0.0008984200613394423,0.0,False,0.14609667213750896,0.3854201783609958,0.9621108787713828,131.66666666666666
S575,0.045,0.000586819026395826,-0.018405634268113015,False,-0.18065040368965918,0.10513026971897535,0.6681178499077132,79.0
S343,0.045,0.0005341785589131926,0.0,False,0.12390945232504398,0.6878302742412461,0.9589431191073129,180.66666666666666
S582,0.04,0.0014138114194978176,0.0,False,0.11740004574788133,0.7174293155084572,0.6082260511119911,193.0
S122,0.035,0.001528134669393392,0.0,False,-0.3254009531024359,0.01281037616711946,0.10278874061515873,31.333333333333332
S247,0.035,0.000508127621361534,0.0,False,0.3703685150818098,0.10103267375697465,0.00016565634237424509,24.333333333333332
S010,0.035,0.00043010883657030013,0.0,False,0.18874424505268667,0.46872104505663564,0.19557462620177787,110.0
S145,0.03,0.001349311637232217,0.0,False,-0.22135986458480808,0.06274564849637497,0.37452497295767595,58.0
S480,0.03,0.0009555274286426815,0.0,False,-0.03479650218263553,0.9362523713318748,0.9621108787713828,346.6666666666667
S469,0.03,0.00041038489407284784,0.0,False,0.3244039592379036,0.16080492213653222,0.1017206494249429,39.666666666666664
S118,0.025,0.000999728817792337,0.0,False,-0.13773822702506577,0.6332319058206677,0.5216102277294701,154.33333333333334
S433,0.025,0.0006817666685567529,0.0,False,0.116791342774166,0.7161811368821839,0.7537539708886227,189.0
S128,0.025,0.0006693448184186566,0.0,False,0.2396095366213991,0.1972930067535966,0.1074112547053511,60.666666666666664
S134,0.025,0.0004284817098029071,0.0,False,-0.1069816279103141,0.7174293155084572,0.637522455485341,205.0
S563,0.025,0.0003809963729167811,0.0,False,-0.06658165535894502,0.7235685938302242,0.9621108787713828,269.3333333333333
S353,0.025,0.00027355211470858094,0.0,False,-0.06090923462748708,0.8617747838003998,0.9589431191073129,292.3333333333333
S485,0.02,0.0009391826461386285,0.0,False,-0.14991847954241141,0.4860039827775739,0.6082260511119911,138.0
S357,0.02,0.0008840988118343525,0.0,False,0.19404694050070648,0.3854201783609958,0.2175628460514725,98.0
S104,0.02,0.0004559021120488706,0.0,False,-0.08355328183757776,0.7710574402653289,0.9621108787713828,256.3333333333333
S475,0.02,0.0003494796014535419,0.0,False,0.03334026962811096,0.9591619585345343,0.9594017219140961,357.0
S028,0.02,0.0003291149285542971,0.0,False,-0.4116487455961851,0.01105234943652184,0.015133984711733333,11.0
S455,0.02,0.00032614719470217354,0.0,False,0.09850678725108537,0.7174293155084572,0.7819970686024711,226.0
S416,0.02,0.0002657579360274492,0.0,False,-0.17621226772471893,0.3453749766810067,0.5556593676899914,106.33333333333333
S446,0.015,0.00100058378976388,0.0,False,0.16898505637763453,0.40519439436504084,0.3512470179645206,119.33333333333333
S249,0.015,0.0006462263729609362,0.0,False,0.3125171085296187,0.5230858328634684,0.37452497295767595,77.66666666666667
S484,0.015,0.0006252535292889716,0.0,False,-0.15884926472626418,0.4050440187999233,0.6681178499077132,129.0
S281,0.015,0.0005442782539124966,0.0,False,-0.07763435725732701,0.7174293155084572,0.9621108787713828,249.33333333333334
S588,0.015,0.000535431501976722,0.0,False,0.2386310689123045,0.2862722176550626,0.2934762600130448,73.33333333333333
S417,0.015,0.0004789876675944041,0.0,False,-0.1315310378287164,0.6536616820557524,0.3845573726075882,163.0
S569,0.015,0.00043106638562875996,0.0,False,0.11085779792881104,0.7174293155084572,0.853976659389315,215.33333333333334
S077,0.015,0.000315274703670991,0.0,False,0.046616273549271205,0.9078261069381366,0.8939578246176355,327.0
S142,0.015,0.00030944912754587246,0.0,False,-0.08095769544258861,0.7725377024783234,0.9589431191073129,260.6666666666667
S089,0.015,0.00028976247547012426,0.0,False,-0.17541872614257575,0.6172344273925053,0.12761124313182787,127.0
S161,0.015,0.000264944408346866,0.0,False,-0.15663986704746566,0.2862722176550626,0.9621108787713828,120.0
S127,0.015,0.00024057511658583954,0.0,False,-0.2838383607152904,0.045073165539598246,0.23080510562177048,38.666666666666664
S316,0.015,0.000234252261376709,0.0,False,-0.253895615832815,0.18799130636377842,0.20986925006696375,53.0
S225,0.015,0.0002316117932442177,0.0,False,-0.041857163662351364,0.9024852209886927,0.9798482112953504,331.6666666666667
S344,0.015,0.00015591491820109225,0.0,False,-0.07549609778413907,0.7725377024783234,0.931071313734607,265.6666666666667
S539,0.015,0.00014690032902282517,0.0,False,0.027730764074702235,0.9591619585345343,0.9621108787713828,365.6666666666667
S197,0.015,9.985135527656517e-05,0.0,False,0.3318990381615201,0.14420757396509773,0.08071130911812664,37.0
S032,0.015,9.429243883044603e-05,0.0,False,0.2296168101179203,0.5579786042948068,0.6267950516610133,98.0
S095,0.015,7.885141571424719e-05,0.0,False,0.2797880694191235,0.1947087372680927,0.1074112547053511,50.666666666666664
S479,0.01,0.0008795115060104782,0.0,False,0.1313469692737016,0.6536616820557524,0.853976659389315,165.0
S131,0.01,0.0005971605534219561,0.0,False,0.07569811359523873,0.8023256021830227,0.9886654202388973,267.0
S437,0.01,0.000530015142697171,0.0,False,0.1899099014075066,0.5063031660836392,0.7819970686024711,113.0
S587,0.01,0.0004522489207507018,0.0,False,0.22928802152535907,0.3099379171486742,0.2574910571671461,81.33333333333333
S211,0.01,0.0002435427284578197,0.0,False,0.12787612472280385,0.7174293155084572,0.9594017219140961,184.0
S431,0.01,0.00023565029189672338,0.0,False,0.5013304622338898,0.1897369705316675,0.10278874061515873,19.333333333333332
S493,0.01,0.00022745807048621405,0.0,False,0.019621683073617707,0.9692496673478536,0.9621108787713828,389.6666666666667
S302,0.01,0.00020989826906169594,0.0,False,0.026043830960056368,0.9591619585345343,0.9621108787713828,372.0
S282,0.01,0.00019141693666627191,0.0,False,0.28785835241725927,0.14420757396509773,0.058567685883312404,42.333333333333336
S377,0.01,0.00019058904394847421,0.0,False,-0.24379756327040167,0.1972930067535966,0.19557462620177787,57.0
S392,0.01,0.0001486627385459402,0.0,False,-0.07934620738913506,0.7605387183571499,0.931071313734607,259.6666666666667
S238,0.01,0.00012095314346584224,0.0,False,0.13811377170871258,0.6380002881289989,0.637522455485341,154.0
S050,0.01,0.00011251698297967202,0.0,False,0.12404871115250195,0.6536616820557524,0.6565890307536927,176.33333333333334
S489,0.01,0.00011248328293681357,0.0,False,0.05595721124320178,0.8808855514889968,0.9621108787713828,302.3333333333333
S312,0.01,9.567674683780404e-05,0.0,False,0.005237707871686515,0.9858143630732036,0.9953315404098076,425.3333333333333
S081,0.01,9.163627633945794e-05,0.0,False,0.0009585288842582117,0.9986971793640421,0.9621108787713828,433.0
S277,0.01,8.626448906137431e-05,0.0,False,-0.07228613830726949,0.8023256021830227,0.9621108787713828,272.0
S467,0.01,8.337909649260879e-05,0.0,False,0.15478831556263004,0.7235685938302242,0.9781177511864033,175.66666666666666
S195,0.01,7.008286166520103e-05,0.0,False,0.15298091178665607,0.7235685938302242,0.9621108787713828,176.0
S022,0.005,0.0004943441465645605,0.0,False,-0.33699205133392107,0.27995440904831165,0.5982778973680467,51.333333333333336
S307,0.005,0.0003603821652088499,0.0,False,0.1775534798110024,0.2949362010879123,0.3845573726075882,103.33333333333333
S170,0.005,0.00029956764491262535,0.0,False,0.1622575074047122,0.5732820355752432,0.6279208407676334,136.33333333333334
S296,0.005,0.0002118136824429337,0.0,False,-0.1455135703293677,0.34902770726101595,0.9621108787713828,129.66666666666666
S362,0.005,0.00021011966481526232,0.0,False,-0.016725268801276012,0.9738630098526588,0.6187102614019213,396.6666666666667
S217,0.005,0.00020610131466592562,0.0,False,0.05376569852759775,0.8619388297120949,0.9467726424633036,306.0
S227,0.005,0.00020454404336593595,0.0,False,0.16567980913097413,0.5646102508205018,0.37452497295767595,131.33333333333334
S146,0.005,0.000199141898961675,0.0,False,-0.059033504831842325,0.8076443859575326,0.9621108787713828,290.6666666666667
S082,0.005,0.0001696639023849912,0.0,False,-0.11629416351725051,0.7161811368821839,0.8965693580809547,190.0
S430,0.005,0.00016956288219476223,0.0,False,0.4654154456343955,0.23468312691256824,0.3359304375986326,25.0
S212,0.005,0.00016829223529915197,0.0,False,0.09810085371758881,0.7174293155084572,0.6500854486923523,227.0
S429,0.005,0.00015008166620783143,0.0,False,0.04233763469355009,0.9179959505019263,0.9981297878796539,334.6666666666667
S041,0.005,0.000147596374223646,0.0,False,0.13361851725568957,0.7146017683890232,0.9621108787713828,167.33333333333334
S009,0.005,0.00013762247469676687,0.0,False,-0.08900422471427308,0.7192569039974409,0.9589431191073129,242.0
S100,0.005,0.00013320130904439947,0.0,False,0.1094399993805764,0.7174293155084572,0.9229717341677359,210.0
S156,0.005,0.00013184683159816104,0.0,False,0.041409770495330525,0.9179959505019263,0.9997549396282154,337.6666666666667
S418,0.005,0.0001267926689163865,0.0,False,-0.0591404700284069,0.8617747838003998,0.9589431191073129,298.0
S496,0.005,0.00012136398193989376,0.0,False,-0.03758107153398978,0.9203053152179257,0.9467726424633036,341.3333333333333
S058,0.005,0.00012043502643419237,0.0,False,0.17671863836706098,0.37055275261579484,0.4694275562898961,108.33333333333333
S124,0.005,0.00011659969577020915,0.0,False,0.21458225770062683,0.2528740702500216,0.2497855307997911,77.66666666666667
S565,0.005,0.00011462034515321498,0.0,False,0.08601577408702843,0.8023256021830227,0.9621108787713828,254.66666666666666
S053,0.005,0.00010533757511322722,0.0,False,-0.10271124192928482,0.7174293155084572,0.8859470103097058,216.0
S368,0.005,8.38034561940843e-05,0.0,False,0.07249894995292586,0.8185806208972929,0.4564418621839199,275.0
S215,0.005,8.019925762572617e-05,0.0,False,-0.04806668851618599,0.9024852209886927,0.9594017219140961,321.0
S319,0.005,7.92726805868175e-05,0.0,False,0.06980953688397365,0.8185806208972929,0.8859470103097058,277.3333333333333
S279,0.005,7.292987718510172e-05,0.0,False,-0.10901788816349464,0.7174293155084572,0.39091581758706023,209.0
S088,0.005,7.023439064294867e-05,0.0,False,0.07556741474948502,0.7766098947103034,0.931071313734607,265.6666666666667
S106,0.005,6.839130489063938e-05,0.0,False,-0.17498005422961518,0.36353941131455225,0.703591118029614,110.33333333333333
S355,0.005,6.788756458064513e-05,0.0,False,0.04318364153401663,0.9070835971755601,0.9621108787713828,331.3333333333333
S278,0.005,4.581368559864066e-05,0.0,False,-0.15911836659376405,0.41418384920699486,0.6487903181278183,128.66666666666666
S311,0.005,4.404084861192044e-05,0.0,False,-0.10746618112236524,0.7174293155084572,0.7623519505291667,208.33333333333334
S136,0.005,4.194349114760875e-05,0.0,False,0.006342692889081926,0.9853458227156996,0.991899562474813,422.0
S415,0.005,4.011378644515527e-05,0.0,False,-0.0950814476527298,0.7174293155084572,0.9589431191073129,232.33333333333334
S011,0.005,3.722665040016911e-05,0.0,False,-0.2805474417090235,0.1712152177411397,0.1074112547053511,46.333333333333336
S361,0.005,2.7977519824140777e-05,0.0,False,-0.06581841352609631,0.8595818897439244,0.9621108787713828,283.6666666666667
S196,0.005,2.193679671055107e-05,0.0,False,0.11265044925594883,0.7174293155084572,0.9229717341677359,210.0
S332,0.005,1.9369047522968823e-05,0.0,False,0.10967736424654609,0.7235685938302242,0.9621108787713828,220.33333333333334
S250,0.005,1.6859790703971095e-05,0.0,False,-0.014300671735246377,0.9715925549597902,0.9621108787713828,401.0
S168,0.005,1.650469371125102e-05,0.0,False,0.028807308464076392,0.9591619585345343,0.99571977584834,362.6666666666667
S040,0.005,1.5366935515902692e-05,0.0,False,-0.18830998916328281,0.4167446608382851,0.058567685883312404,108.33333333333333
S391,0.005,1.3082373909737817e-05,0.0,False,-0.02380767688436915,0.9591619585345343,0.9589431191073129,379.0
S295,0.005,1.0810834997098211e-05,0.0,False,0.38108153897330366,0.18799130636377842,0.1074112547053511,28.666666666666668
S549,0.005,1.0311584715726126e-05,0.0,False,-0.0004833264194988132,0.9986971793640421,0.8901750084805492,435.0
S331,0.005,9.19746149672192e-06,0.0,False,0.11157560081167282,0.8230684479889618,0.9621108787713828,228.66666666666666
S086,0.005,8.806218914196553e-06,0.0,False,0.08256904330435669,0.7192569039974409,0.9589431191073129,251.0
S283,0.005,3.0169079449430288e-06,0.0,False,-0.01651631580505532,0.9738630098526588,0.9621108787713828,398.6666666666667
S454,0.005,1.6860559943575484e-06,0.0,False,-0.13600480399063017,0.37055275261579484,0.9621108787713828,138.0
S001,0.0,0.0,0.0,False,-0.0023133294860905097,0.9950236145987875,0.9953315404098076,430.0
S002,0.0,0.0,0.0,False,0.048177020569082095,0.901571029180575,0.9621108787713828,318.3333333333333
S003,0.0,0.0,0.0,False,-0.008490787072622137,0.9784655966116022,0.9621108787713828,416.6666666666667
S004,0.0,0.0,0.0,False,-0.033168447836314445,0.9179959505019263,0.9621108787713828,351.0
S006,0.0,0.0,0.0,False,0.017821867498689845,0.9692496673478536,0.9184103947999951,391.3333333333333
S007,0.0,0.0,0.0,False,-0.17404329230847745,0.41418384920699486,0.545881160646354,118.0
S008,0.0,0.0,0.0,False,0.031184294251910685,0.9362523713318748,0.9621108787713828,354.3333333333333
S012,0.0,0.0,0.0,False,-0.012782487325564813,0.9752309678645957,0.99571977584834,407.0
S015,0.0,0.0,0.0,False,0.11350492764812818,0.6674120585158414,0.6923583056385537,188.0
S017,0.0,0.0,0.0,False,-0.17801912553096716,0.4240516755631772,0.34269368649991283,113.33333333333333
S018,0.0,0.0,0.0,False,-0.04821601261125401,0.9024852209886927,0.9621108787713828,318.6666666666667
S020,0.0,0.0,0.0,False,0.010361171896863312,0.9760166047457159,0.991899562474813,412.6666666666667
S023,0.0,0.0,0.0,False,0.10244669872139159,0.7174293155084572,0.6681178499077132,217.66666666666666
S024,0.0,0.0,0.0,False,-0.10641042107527585,0.6536616820557524,0.8965693580809547,197.33333333333334
S025,0.0,0.0,0.0,False,-0.1489515578145015,0.7174293155084572,0.9621108787713828,163.33333333333334
S026,0.0,0.0,0.0,False,-0.36176358850096046,0.34902770726101595,0.9789197576793564,52.666666666666664
S027,0.0,0.0,0.0,False,-0.12797438843069747,0.7174293155084572,0.9621108787713828,191.66666666666666
S029,0.0,0.0,0.0,False,0.09294962577341154,0.7174293155084572,0.9378974901580177,232.66666666666666
S030,0.0,0.0,0.0,False,0.19041489506280967,0.3320419115319094,0.37452497295767595,96.66666666666667
S034,0.0,0.0,0.0,False,0.013693945831535742,0.9752309678645957,0.5456102628870406,405.3333333333333
S035,0.0,0.0,0.0,False,-0.02782314266674734,0.9507265402960062,0.3636417756447757,362.0
S037,0.0,0.0,0.0,False,0.16177196676776212,0.4240516755631772,0.3521499186164464,129.0
S038,0.0,0.0,0.0,False,0.2280570218960363,0.5063031660836392,0.545881160646354,98.0
S039,0.0,0.0,0.0,False,0.02852075083856925,0.9507265402960062,0.9621108787713828,361.0
S043,0.0,0.0,0.0,False,0.11491757796763431,0.6926803342833834,0.6500854486923523,190.33333333333334
S044,0.0,0.0,0.0,False,-0.17319405341736566,0.3854201783609958,0.1879855575112828,114.0
S045,0.0,0.0,0.0,False,0.11819281816684839,0.7174293155084572,0.7127739066519566,190.0
S046,0.0,0.0,0.0,False,0.12847889046077973,0.6536616820557524,0.6565890307536927,168.0
S047,0.0,0.0,0.0,False,0.06667601969341581,0.8185806208972929,0.9589431191073129,279.0
S048,0.0,0.0,0.0,False,-0.10590688916685029,0.7174293155084572,0.6100156141050325,216.33333333333334
S051,0.0,0.0,0.0,False,0.00766588407153006,0.9853458227156996,0.9594017219140961,419.0
S054,0.0,0.0,0.0,False,-0.10067125123992238,0.7174293155084572,0.7819970686024711,225.0
S055,0.0,0.0,0.0,False,0.12496443333358667,0.7174293155084572,0.8859470103097058,184.66666666666666
S056,0.0,0.0,0.0,False,0.11282913686153838,0.7161811368821839,0.5599548330632926,195.33333333333334
S057,0.0,0.0,0.0,False,0.01075719724543493,0.9784655966116022,0.9621108787713828,413.3333333333333
S060,0.0,0.0,0.0,False,0.09865020362823435,0.7174293155084572,0.853976659389315,229.66666666666666
S061,0.0,0.0,0.0,False,0.02183629521021407,0.9697562830655044,0.9621108787713828,386.6666666666667
S062,0.0,0.0,0.0,False,-0.051842987203765165,0.9179959505019263,0.9621108787713828,320.6666666666667
S065,0.0,0.0,0.0,False,0.3483334366094229,0.2396700797368059,0.5574193096729715,42.333333333333336
S066,0.0,0.0,0.0,False,-0.021341707723510774,0.9692496673478536,0.9981297878796539,386.3333333333333
S068,0.0,0.0,0.0,False,-0.05060333480496989,0.9024852209886927,0.8965693580809547,315.3333333333333
S070,0.0,0.0,0.0,False,-0.020720605682697065,0.9692496673478536,0.9997549396282154,388.3333333333333
S072,0.0,0.0,0.0,False,0.0314519521596811,0.9510484563645186,0.9621108787713828,358.6666666666667
S073,0.0,0.0,0.0,False,-0.02653468178225305,0.9078261069381366,0.9953315404098076,355.6666666666667
S075,0.0,0.0,0.0,False,-0.08462771594081252,0.7488350643934419,0.8852436974681609,252.66666666666666
S076,0.0,0.0,0.0,False,-0.19175771927901544,0.36353941131455225,0.37452497295767595,97.0
S078,0.0,0.0,0.0,False,-0.2845069427333012,0.10513026971897535,0.1074112547053511,40.666666666666664
S079,0.0,0.0,0.0,False,0.374888977542196,0.04812325596080355,0.015133984711733333,21.666666666666668
S080,0.0,0.0,0.0,False,-0.13069851688390768,0.7161811368821839,0.7537539708886227,172.66666666666666
S083,0.0,0.0,0.0,False,-0.059760985762859146,0.8617747838003998,0.9589431191073129,294.3333333333333
S084,0.0,0.0,0.0,False,-0.04434080666014693,0.9024852209886927,0.9621108787713828,328.6666666666667
S087,0.0,0.0,0.0,False,-0.020083905786348343,0.9692496673478536,0.9621108787713828,387.3333333333333
S091,0.0,0.0,0.0,False,0.07173013055523791,0.7710574402653289,0.5130939076343931,269.0
S092,0.0,0.0,0.0,False,-0.03997312662423039,0.9179959505019263,0.9229717341677359,337.6666666666667
S093,0.0,0.0,0.0,False,0.18579425189998694,0.31772051259247047,0.6472152464584333,101.0
S094,0.0,0.0,0.0,False,-0.037281942935937784,0.9179959505019263,0.9234909642878835,341.3333333333333
S096,0.0,0.0,0.0,False,-0.004965398098961777,0.9853458227156996,0.9621108787713828,425.3333333333333
S098,0.0,0.0,0.0,False,-0.04817111579918796,0.8808855514889968,0.9621108787713828,315.6666666666667
S101,0.0,0.0,0.0,False,-0.08583753692367782,0.7174293155084572,0.853976659389315,231.66666666666666
S105,0.0,0.0,0.0,False,-0.0007460191093146891,0.9986971793640421,0.9621108787713828,434.0
S107,0.0,0.0,0.0,False,0.009562960725782318,0.9784655966116022,0.9621108787713828,415.0
S108,0.0,0.0,0.0,False,0.07632801202699821,0.8023256021830227,0.9589431191073129,265.6666666666667
S112,0.0,0.0,0.0,False,0.12419589199415432,0.014580727964142308,0.06099009610330533,123.0
S113,0.0,0.0,0.0,False,-0.01757884825205134,0.9692496673478536,0.9589431191073129,392.6666666666667
S116,0.0,0.0,0.0,False,-0.008631059334239478,0.9784655966116022,0.4395904976155005,416.3333333333333
S119,0.0,0.0,0.0,False,-0.024628856869018518,0.9591619585345343,0.9621108787713828,374.3333333333333
S120,0.0,0.0,0.0,False,-0.016549743711899333,0.9738630098526588,0.9621108787713828,399.3333333333333
S123,0.0,0.0,0.0,False,0.12492941113749571,0.6278938741337375,0.8965693580809547,169.33333333333334
S132,0.0,0.0,0.0,False,0.09344926879361375,0.7174293155084572,0.7503334999219747,234.0
S135,0.0,0.0,0.0,False,-0.10973312244965078,0.7174293155084572,0.37452497295767595,205.33333333333334
S137,0.0,0.0,0.0,False,0.094219479466419,0.7174293155084572,0.6923583056385537,229.0
S139,0.0,0.0,0.0,False,-0.054630414692692975,0.8617747838003998,0.9798482112953504,300.3333333333333
S140,0.0,0.0,0.0,False,0.02652158311006074,0.9591619585345343,0.9589431191073129,370.6666666666667
S144,0.0,0.0,0.0,False,-0.12722577997565163,0.6536616820557524,0.5340663057909248,168.66666666666666
S147,0.0,0.0,0.0,False,0.26296553793449007,0.1712152177411397,0.06151172390284429,50.0
S148,0.0,0.0,0.0,False,0.019985219588404365,0.9697562830655044,0.9621108787713828,390.3333333333333
S150,0.0,0.0,0.0,False,-0.09117683787522109,0.7174293155084572,0.8739530255329743,239.66666666666666
S151,0.0,0.0,0.0,False,-0.06307234032069033,0.6447013319632516,0.9621108787713828,243.0
S153,0.0,0.0,0.0,False,0.2059036713386351,0.2949362010879123,0.2065059713819274,88.33333333333333
S154,0.0,0.0,0.0,False,0.06554013736388804,0.8619388297120949,0.9621108787713828,288.6666666666667
S155,0.0,0.0,0.0,False,-0.05385277188220212,0.4945761252107749,0.015437061356318206,248.66666666666666
S159,0.0,0.0,0.0,False,0.3431945208165523,0.2396700797368059,0.37452497295767595,43.0
S160,0.0,0.0,0.0,False,0.36694931632886124,0.1912212836843039,0.1474417998171576,35.0
S162,0.0,0.0,0.0,False,-0.08005235516638394,0.7192569039974409,0.9798482112953504,253.33333333333334
S163,0.0,0.0,0.0,False,0.4009240636281066,0.222748924086013,0.2175628460514725,30.0
S164,0.0,0.0,0.0,False,0.37252134595328634,0.27317975326080035,0.5883398480418836,44.333333333333336
S165,0.0,0.0,0.0,False,0.38489737639280047,0.2666201305019033,0.748996312234467,37.333333333333336
S166,0.0,0.0,0.0,False,0.1321211296969366,0.7174293155084572,0.9589431191073129,173.33333333333334
S167,0.0,0.0,0.0,False,0.007938083996201448,0.9848847096068541,0.99571977584834,418.0
S169,0.0,0.0,0.0,False,0.017324972163431155,0.9697562830655044,0.9981297878796539,395.3333333333333
S173,0.0,0.0,0.0,False,-0.05125569049676316,0.8808855514889968,0.8745784190382887,310.0
S176,0.0,0.0,0.0,False,-0.08411143031741158,0.758799083523315,0.8184247260075376,254.0
S177,0.0,0.0,0.0,False,0.003062196626903229,0.9950236145987875,0.99571977584834,427.3333333333333
S180,0.0,0.0,0.0,False,-0.2114921644852076,0.25802753271899936,0.4013323620504846,79.66666666666667
S181,0.0,0.0,0.0,False,-0.03166152931430825,0.9362523713318748,0.991899562474813,353.6666666666667
S182,0.0,0.0,0.0,False,-0.11572593076501328,0.5065876681809112,0.9621108787713828,176.66666666666666
S183,0.0,0.0,0.0,False,0.10205641731854141,0.7174293155084572,0.7770777954052045,214.66666666666666
S184,0.0,0.0,0.0,False,0.026857616390125523,0.9591619585345343,0.9981297878796539,367.3333333333333
S185,0.0,0.0,0.0,False,0.0240617127614517,0.9591619585345343,0.9621108787713828,377.0
S187,0.0,0.0,0.0,False,-0.011463586167477401,0.9760166047457159,0.9798482112953504,409.3333333333333
S198,0.0,0.0,0.0,False,0.11883343485533342,0.7146017683890232,0.5699381378981665,185.0
S199,0.0,0.0,0.0,False,-0.048527058346352195,0.9024852209886927,0.9621108787713828,319.3333333333333
S201,0.0,0.0,0.0,False,0.09111232515764481,0.7676870775927938,0.8965693580809547,248.0
S202,0.0,0.0,0.0,False,0.11135038133979894,0.7174293155084572,0.6154596100736559,204.0
S203,0.0,0.0,0.0,False,0.026351790717076724,0.9675994867304571,0.9621108787713828,374.0
S204,0.0,0.0,0.0,False,0.10150499401198111,0.7235685938302242,0.853976659389315,229.66666666666666
S207,0.0,0.0,0.0,False,0.12541757418239027,0.6674120585158414,0.8901750084805492,175.33333333333334
S208,0.0,0.0,0.0,False,-0.060570495356253175,0.8610120537481,0.9589431191073129,290.6666666666667
S210,0.0,0.0,0.0,False,0.30420978723068337,0.222748924086013,0.19557462620177787,47.666666666666664
S214,0.0,0.0,0.0,False,-0.10187337004221911,0.4528404519109476,0.9991556268793832,188.33333333333334
S216,0.0,0.0,0.0,False,-0.11584742157429191,0.7174293155084572,0.6026065206095005,195.33333333333334
S218,0.0,0.0,0.0,False,-0.08103935263749515,0.7488350643934419,0.9589431191073129,256.0
S219,0.0,0.0,0.0,False,0.1711030475457553,0.4860039827775739,0.31669347660211566,123.66666666666667
S221,0.0,0.0,0.0,False,0.026664706922989476,0.9591619585345343,0.9621108787713828,368.3333333333333
S222,0.0,0.0,0.0,False,0.13329785176998357,0.7161811368821839,0.9621108787713828,169.66666666666666
S223,0.0,0.0,0.0,False,-0.022149200499374945,0.9675994867304571,0.9789197576793564,381.0
S224,0.0,0.0,0.0,False,-0.011777107686643348,0.9760166047457159,0.6104394658614315,410.3333333333333
S228,0.0,0.0,0.0,False,0.09381549183677007,0.7174293155084572,0.5908035446519494,227.66666666666666
S239,0.0,0.0,0.0,False,-0.18454010402210763,0.3932385035061234,0.35362841453148347,107.33333333333333
S248,0.0,0.0,0.0,False,0.16785731225897138,0.6674120585158414,0.9621108787713828,140.33333333333334
S251,0.0,0.0,0.0,False,-0.10421914658094152,0.49844269655685824,0.5982782540859355,189.0
S252,0.0,0.0,0.0,False,-0.06677819037193872,0.7725377024783234,0.9621108787713828,273.3333333333333
S253,0.0,0.0,0.0,False,0.04562445323251535,0.9078261069381366,0.9621108787713828,330.0
S254,0.0,0.0,0.0,False,-0.0747669270941557,0.7821268441837572,0.9589431191073129,267.3333333333333
S255,0.0,0.0,0.0,False,-0.035518020681605506,0.9179959505019263,0.9621108787713828,342.0
S267,0.0,0.0,0.0,False,0.033660798423622434,0.9459799367576869,0.9621108787713828,353.6666666666667
S268,0.0,0.0,0.0,False,-0.08578384801001714,0.7488350643934419,0.8184247260075376,250.0
S269,0.0,0.0,0.0,False,-0.012153741847092414,0.9760166047457159,0.9621108787713828,408.3333333333333
S270,0.0,0.0,0.0,False,-0.14593028792359833,0.5732820355752432,0.3845573726075882,146.0
S271,0.0,0.0,0.0,False,0.10552600979480219,0.7174293155084572,0.7819970686024711,216.0
S272,0.0,0.0,0.0,False,0.11608889360346746,0.6674120585158414,0.6187102614019213,187.66666666666666
S273,0.0,0.0,0.0,False,0.10741429442081783,0.7174293155084572,0.9621108787713828,218.0
S274,0.0,0.0,0.0,False,-0.06157500855459671,0.8185806208972929,0.991899562474813,287.0
S275,0.0,0.0,0.0,False,0.018097882914637008,0.9675994867304571,0.9176434978341387,389.6666666666667
S285,0.0,0.0,0.0,False,-0.09337270270064156,0.7174293155084572,0.8965693580809547,234.0
S286,0.0,0.0,0.0,False,-0.05786846650594873,0.6674120585158414,0.9621108787713828,257.0
S288,0.0,0.0,0.0,False,0.22548954824666534,0.2666201305019033,0.19557462620177787,77.33333333333333
S289,0.0,0.0,0.0,False,0.022346334186765713,0.9675994867304571,0.9981297878796539,381.0
S290,0.0,0.0,0.0,False,0.06164606074188043,0.6133845144532631,0.0038050605846020108,242.66666666666666
S291,0.0,0.0,0.0,False,0.011237072114568236,0.9760166047457159,0.9621108787713828,411.0
S294,0.0,0.0,0.0,False,0.36743825471771036,0.23342458439740146,0.3845573726075882,38.0
S297,0.0,0.0,0.0,False,-0.07723161049598587,0.7309009701253895,0.9798482112953504,258.0
S298,0.0,0.0,0.0,False,0.40794683007423993,0.222748924086013,0.19557462620177787,27.666666666666668
S299,0.0,0.0,0.0,False,0.37312338419519564,0.26942903832104786,0.37452497295767595,43.0
S300,0.0,0.0,0.0,False,0.3793526761356339,0.2666201305019033,0.7819970686024711,41.0
S303,0.0,0.0,0.0,False,0.03648937707208139,0.9362523713318748,0.9953315404098076,345.6666666666667
S305,0.0,0.0,0.0,False,0.09843883157619794,0.7235685938302242,0.8859470103097058,236.0
S308,0.0,0.0,0.0,False,-0.01302904801917924,0.9738630098526588,0.9621108787713828,404.6666666666667
S317,0.0,0.0,0.0,False,0.00017397294748182143,0.9987000066752327,0.9798482112953504,436.0
S318,0.0,0.0,0.0,False,-0.13832809614900926,0.41418384920699486,0.9493920557670088,140.33333333333334
S320,0.0,0.0,0.0,False,0.04750757717939436,0.9070835971755601,0.991899562474813,323.6666666666667
S321,0.0,0.0,0.0,False,-0.013946202673950244,0.9738630098526588,0.99571977584834,403.0
S323,0.0,0.0,0.0,False,-0.05312646787376851,0.8808855514889968,0.931071313734607,309.0
S324,0.0,0.0,0.0,False,0.1889209222321369,0.3929990749342893,0.3845573726075882,103.0
S334,0.0,0.0,0.0,False,0.1382680166067552,0.6536616820557524,0.5724695984870782,156.66666666666666
S335,0.0,0.0,0.0,False,-0.056776004711011054,0.8808855514889968,0.9621108787713828,302.6666666666667
S336,0.0,0.0,0.0,False,0.19060180818738331,0.4595782642043394,0.3845573726075882,107.0
S337,0.0,0.0,0.0,False,0.08327422506463823,0.8076443859575326,0.9621108787713828,261.6666666666667
S338,0.0,0.0,0.0,False,0.10096948737542895,0.7192569039974409,0.7623519505291667,229.0
S339,0.0,0.0,0.0,False,-0.05948716141568208,0.8910209038395077,0.9798482112953504,300.3333333333333
S340,0.0,0.0,0.0,False,0.13056131054072692,0.7146017683890232,0.7127739066519566,172.33333333333334
S345,0.0,0.0,0.0,False,0.04582454311030835,0.8955029525765948,0.6048469749247536,323.6666666666667
S346,0.0,0.0,0.0,False,0.05088430659104306,0.8619388297120949,0.058567685883312404,309.6666666666667
S350,0.0,0.0,0.0,False,0.10184266704760897,0.7174293155084572,0.6723585657414719,217.66666666666666
S351,0.0,0.0,0.0,False,0.2567104002839909,0.23939395131770339,0.1341015189511437,58.0
S352,0.0,0.0,0.0,False,-0.05430825926222118,0.7710574402653289,0.8965693580809547,290.6666666666667
S356,0.0,0.0,0.0,False,-0.05935521537995691,0.8610120537481,0.9621108787713828,294.6666666666667
S359,0.0,0.0,0.0,False,0.06207801946081628,0.8617747838003998,0.931071313734607,290.0
S360,0.0,0.0,0.0,False,0.13943518171612715,0.7046216884461857,0.9621108787713828,160.66666666666666
S363,0.0,0.0,0.0,False,0.021084757693652346,0.9675994867304571,0.9621108787713828,384.6666666666667
S366,0.0,0.0,0.0,False,0.09181409302249771,0.7235685938302242,0.7118203449512,241.66666666666666
S367,0.0,0.0,0.0,False,-0.04418405964096618,0.9179959505019263,0.9981297878796539,331.6666666666667
S376,0.0,0.0,0.0,False,0.10581619466291164,0.7174293155084572,0.931071313734607,216.33333333333334
S385,0.0,0.0,0.0,False,0.2765491503966322,0.18300170292724355,0.006353692614718744,48.666666666666664
S386,0.0,0.0,0.0,False,0.1554031432921639,0.7066498895576729,0.9621108787713828,153.66666666666666
S388,0.0,0.0,0.0,False,0.06367961312358088,0.8595818897439244,0.9229717341677359,284.6666666666667
S393,0.0,0.0,0.0,False,0.002606054529977062,0.9950236145987875,0.9749395395091701,428.3333333333333
S405,0.0,0.0,0.0,False,0.05022482092783304,0.9024852209886927,0.9621108787713828,317.3333333333333
S406,0.0,0.0,0.0,False,-0.054209007604477416,0.8909395059202595,0.8965693580809547,307.3333333333333
S407,0.0,0.0,0.0,False,0.006589720887989106,0.9853458227156996,0.9798482112953504,421.0
S408,0.0,0.0,0.0,False,-0.11100721881156236,0.7174293155084572,0.37452497295767595,202.33333333333334
S409,0.0,0.0,0.0,False,0.02634386858431808,0.9591619585345343,0.9621108787713828,371.6666666666667
S410,0.0,0.0,0.0,False,0.08871236300907996,0.7174293155084572,0.6923583056385537,242.0
S411,0.0,0.0,0.0,False,0.2056745539922209,0.394524290063525,0.5459114370633392,97.33333333333333
S412,0.0,0.0,0.0,False,-0.04402354578919333,0.8910209038395077,0.9621108787713828,326.0
S413,0.0,0.0,0.0,False,0.07391913289376899,0.8185806208972929,0.9589431191073129,272.0
S419,0.0,0.0,0.0,False,0.04670119666728859,0.9024852209886927,0.9589431191073129,322.3333333333333
S420,0.0,0.0,0.0,False,0.23639064742369406,0.1897369705316675,0.06151172390284429,62.333333333333336
S421,0.0,0.0,0.0,False,0.019622387222984563,0.9697562830655044,0.9621108787713828,391.6666666666667
S424,0.0,0.0,0.0,False,-0.06337264892761613,0.6674120585158414,0.9621108787713828,247.33333333333334
S426,0.0,0.0,0.0,False,0.20500414348133597,0.2949362010879123,0.20986925006696375,91.0
S427,0.0,0.0,0.0,False,0.06658737873499698,0.8617747838003998,0.9621108787713828,285.3333333333333
S428,0.0,0.0,0.0,False,-0.055015597029864416,0.47857493473505097,0.015437061356318206,244.33333333333334
S432,0.0,0.0,0.0,False,0.05341408782917587,0.8909395059202595,0.9621108787713828,309.0
S434,0.0,0.0,0.0,False,0.45788634142371004,0.25802753271899936,0.37452497295767595,30.0
S435,0.0,0.0,0.0,False,0.45111813256170297,0.2666201305019033,0.6082260511119911,31.666666666666668
S436,0.0,0.0,0.0,False,0.44982678720033914,0.2666201305019033,0.931071313734607,32.666666666666664
S438,0.0,0.0,0.0,False,-0.02430631558160467,0.9591619585345343,0.9621108787713828,377.0
S439,0.0,0.0,0.0,False,-0.09120204757738005,0.7174293155084572,0.8869418842074634,235.66666666666666
S440,0.0,0.0,0.0,False,0.03409733397261065,0.9362523713318748,0.991899562474813,352.3333333333333
S441,0.0,0.0,0.0,False,0.14386187109455928,0.6536616820557524,0.7301253834606527,155.0
S442,0.0,0.0,0.0,False,0.07089511494036961,0.8595102570524243,0.9621108787713828,277.6666666666667
S444,0.0,0.0,0.0,False,-0.049621883932171144,0.8808855514889968,0.7819970686024711,314.0
S447,0.0,0.0,0.0,False,-0.08500239970072511,0.755927696463767,0.8184247260075376,252.33333333333334
S448,0.0,0.0,0.0,False,0.0009848832202740347,0.9986971793640421,0.9886654202388973,432.0
S452,0.0,0.0,0.0,False,-0.21949262532690172,0.2413249401240982,0.3851777187494159,75.66666666666667
S453,0.0,0.0,0.0,False,-0.02208507501114883,0.9591619585345343,0.9997549396282154,379.3333333333333
S456,0.0,0.0,0.0,False,0.025394346977348197,0.9591619585345343,0.9793866160712418,375.3333333333333
S457,0.0,0.0,0.0,False,0.035625179846757574,0.9362523713318748,0.9621108787713828,346.0
S459,0.0,0.0,0.0,False,-0.014401722395069861,0.9738630098526588,0.986634130513813,400.3333333333333
S468,0.0,0.0,0.0,False,-0.21560252805391583,0.2949362010879123,0.1474417998171576,84.0
S470,0.0,0.0,0.0,False,0.12092102568613287,0.7145086350192077,0.5982778973680467,183.33333333333334
S471,0.0,0.0,0.0,False,-0.021923978474646798,0.9675994867304571,0.9621108787713828,383.3333333333333
S472,0.0,0.0,0.0,False,-0.0030453525242800697,0.9950236145987875,0.9621108787713828,428.3333333333333
S473,0.0,0.0,0.0,False,0.007350188137672416,0.9853458227156996,0.9953315404098076,420.0
S474,0.0,0.0,0.0,False,0.04141081751493293,0.9179959505019263,0.9594017219140961,338.3333333333333
S476,0.0,0.0,0.0,False,0.06298224224953511,0.8617747838003998,0.9589431191073129,288.6666666666667
S482,0.0,0.0,0.0,False,-0.024555847894261674,0.9591619585345343,0.9621108787713828,376.0
S483,0.0,0.0,0.0,False,-0.09929306769388935,0.6674120585158414,0.9886654202388973,210.0
S487,0.0,0.0,0.0,False,-0.06685456590043475,0.8184136666768781,0.991899562474813,277.0
S490,0.0,0.0,0.0,False,-0.059658938928502055,0.8610120537481,0.9621108787713828,292.3333333333333
S494,0.0,0.0,0.0,False,0.13252089103239506,0.7161811368821839,0.9621108787713828,171.0
S495,0.0,0.0,0.0,False,-0.02961383101172188,0.9510484563645186,0.9621108787713828,361.0
S497,0.0,0.0,0.0,False,-0.015518924490133593,0.9697562830655044,0.9621108787713828,398.0
S499,0.0,0.0,0.0,False,-0.046280287974428694,0.9078261069381366,0.931071313734607,327.3333333333333
S500,0.0,0.0,0.0,False,-0.014400659394630793,0.9738630098526588,0.9621108787713828,402.3333333333333
S519,0.0,0.0,0.0,False,0.34467838200583006,0.10513026971897535,0.00022936538356834412,29.333333333333332
S520,0.0,0.0,0.0,False,0.1680719370283357,0.6674120585158414,0.962709000521123,140.33333333333334
S521,0.0,0.0,0.0,False,0.20850220265614341,0.6536616820557524,0.3761977661104812,112.0
S522,0.0,0.0,0.0,False,0.027430013218752023,0.9510484563645186,0.9346471355095644,364.0
S523,0.0,0.0,0.0,False,-0.10332561637704595,0.5001549496650339,0.6187102614019213,190.0
S524,0.0,0.0,0.0,False,-0.0594703298523471,0.8184136666768781,0.9621108787713828,289.3333333333333
S525,0.0,0.0,0.0,False,0.0525268198812398,0.8972098274238293,0.9621108787713828,312.0
S526,0.0,0.0,0.0,False,-0.07344404201360465,0.7925015745191132,0.9589431191073129,269.6666666666667
S527,0.0,0.0,0.0,False,-0.03430146382026973,0.9179959505019263,0.9621108787713828,344.6666666666667
S540,0.0,0.0,0.0,False,-0.08819753794765275,0.7348180595827396,0.8184247260075376,247.66666666666666
S541,0.0,0.0,0.0,False,0.011158674632184019,0.9760166047457159,0.99571977584834,412.0
S542,0.0,0.0,0.0,False,-0.237172389675412,0.14420757396509773,0.30979423339131673,57.333333333333336
S543,0.0,0.0,0.0,False,-0.15600756913003014,0.27317975326080035,0.8685132049940187,118.0
S544,0.0,0.0,0.0,False,0.16290034662407826,0.2862722176550626,0.5558868742367733,113.0
S545,0.0,0.0,0.0,False,-0.12610194497335797,0.4050440187999233,0.962709000521123,153.33333333333334
S546,0.0,0.0,0.0,False,-0.04597162094212948,0.9024852209886927,0.9621108787713828,325.6666666666667
S547,0.0,0.0,0.0,False,0.11833782215989,0.6380002881289989,0.8184247260075376,176.0
S548,0.0,0.0,0.0,False,0.03019131616815732,0.9510484563645186,0.9966530245278922,360.6666666666667
S550,0.0,0.0,0.0,False,0.12350389755174451,0.7174293155084572,0.9621108787713828,190.33333333333334
S551,0.0,0.0,0.0,False,0.08337394771525403,0.8185806208972929,0.8781163011077618,262.0
S552,0.0,0.0,0.0,False,0.0017713548344949835,0.9982151463383194,0.9036270886078058,431.0
S553,0.0,0.0,0.0,False,0.1246297077329941,0.7174293155084572,0.9378974901580177,184.33333333333334
S554,0.0,0.0,0.0,False,0.09825422343051307,0.7488350643934419,0.8567644872764487,239.0
S555,0.0,0.0,0.0,False,0.08891467990661,0.7174293155084572,0.5599548330632926,239.0
S556,0.0,0.0,0.0,False,0.11620188197013401,0.7174293155084572,0.9727409734601604,202.66666666666666
S557,0.0,0.0,0.0,False,0.07363165601665686,0.8610120537481,0.931071313734607,276.3333333333333
S558,0.0,0.0,0.0,False,0.11231427948946815,0.7488350643934419,0.9589431191073129,217.66666666666666
S559,0.0,0.0,0.0,False,0.0341556980607012,0.9362523713318748,0.9621108787713828,350.6666666666667
S560,0.0,0.0,0.0,False,0.027921385608182085,0.9510484563645186,0.8965693580809547,362.3333333333333
S561,0.0,0.0,0.0,False,0.034234637688876024,0.937193300734708,0.9621108787713828,351.3333333333333
S562,0.0,0.0,0.0,False,-0.1262142194687011,0.7174293155084572,0.6082260511119911,179.33333333333334
S564,0.0,0.0,0.0,False,-0.005737642537913413,0.9853458227156996,0.9621108787713828,424.3333333333333
S566,0.0,0.0,0.0,False,-0.03577434608511319,0.9362523713318748,0.9886654202388973,346.3333333333333
S567,0.0,0.0,0.0,False,0.06689243423307982,0.8617747838003998,0.9621108787713828,283.6666666666667
S568,0.0,0.0,0.0,False,0.006199109256949355,0.9853458227156996,0.9589431191073129,423.0
S570,0.0,0.0,0.0,False,0.0359943657765622,0.9362523713318748,0.6014857549428402,345.3333333333333
S572,0.0,0.0,0.0,False,-0.13552777905590602,0.2528740702500216,0.9621108787713828,127.33333333333333
S573,0.0,0.0,0.0,False,-0.1754552829813637,0.10513026971897535,0.6500854486923523,81.66666666666667
S574,0.0,0.0,0.0,False,-0.13752560953512638,0.2396700797368059,0.931071313734607,123.33333333333333
S576,0.0,0.0,0.0,False,-0.11707263476508689,0.4927624145772777,0.9621108787713828,169.66666666666666
S577,0.0,0.0,0.0,False,-0.1880378839309389,0.01860551977109848,0.7298422658925344,72.66666666666667
S586,0.0,0.0,0.0,False,-0.03333693958932618,0.9362523713318748,0.9798482112953504,354.0
S589,0.0,0.0,0.0,False,0.1297940894070181,0.6536616820557524,0.5280021125999294,166.33333333333334
S112_isna,0.0,0.0,0.0,True,,,,
S247_isna,0.0,0.0,0.0,True,,,,
S385_isna,0.0,0.0,0.0,True,,,,
S519_isna,0.0,0.0,0.0,True,,,,
S546_isna,0.0,0.0,0.0,True,,,,
S547_isna,0.0,0.0,0.0,True,,,,
S548_isna,0.0,0.0,0.0,True,,,,
S549_isna,0.0,0.0,0.0,True,,,,
S550_isna,0.0,0.0,0.0,True,,,,
S551_isna,0.0,0.0,0.0,True,,,,
S552_isna,0.0,0.0,0.0,True,,,,
S553_isna,0.0,0.0,0.0,True,,,,
S554_isna,0.0,0.0,0.0,True,,,,
S555_isna,0.0,0.0,0.0,True,,,,
S556_isna,0.0,0.0,0.0,True,,,,
S557_isna,0.0,0.0,0.0,True,,,,
S562_isna,0.0,0.0,0.0,True,,,,
S563_isna,0.0,0.0,0.0,True,,,,
S564_isna,0.0,0.0,0.0,True,,,,
S565_isna,0.0,0.0,0.0,True,,,,
S566_isna,0.0,0.0,0.0,True,,,,
S567_isna,0.0,0.0,0.0,True,,,,
S568_isna,0.0,0.0,0.0,True,,,,
S569_isna,0.0,0.0,0.0,True,,,,
