sensor,abs_d,r_pb,t_p_fdr,mw_p_fdr,neg_log_p,abs_d_rank,neg_log_p_rank,r_pb_rank,score
S059,0.7936841121492163,0.1979136365198066,3.988915066834807e-06,5.239633860583779e-10,7.872909269583948,1.0,1.0,1.0,1.0
S341,0.5745499148135673,0.14462467196882503,0.01105234943652184,0.00504929917217645,3.7109543498599447,2.0,7.0,2.0,3.6666666666666665
S103,0.5191345363641244,0.13092724641016334,0.006201919829304349,0.0006080077973777558,4.311342580144857,5.0,3.0,5.0,4.333333333333333
S477,0.5522596636214123,0.13912455941306956,0.01105234943652184,0.003648947000355185,3.6929418949469217,3.0,8.0,3.0,4.666666666666667
S205,0.5493813148824173,0.138413376959839,0.011224467830817132,0.003648947000355185,3.635078220231255,4.0,9.0,4.0,5.666666666666667
S510,0.5015612548275231,0.12656743478035065,0.02953774132282257,0.003648947000355185,3.0551658541286173,6.0,13.0,6.0,8.333333333333334
S129,0.4267696006351896,0.10793285881788021,3.988915066834807e-06,0.014128047858714856,7.73760170432351,13.0,2.0,13.0,9.333333333333334
S028,0.4116487455961851,-0.10415093003007733,0.01105234943652184,0.015133984711733333,3.833593131838246,14.0,5.0,14.0,11.0
S021,0.47478878643458783,0.11991132418274346,0.10513026971897535,0.015437061356318206,2.256030874623267,8.0,23.0,8.0,13.0
S333,0.4049988560720657,0.10248626202244218,0.10361170150942212,0.058567685883312404,2.3688051784279196,16.0,18.0,16.0,16.666666666666668
S431,0.5013304622338898,0.1265101273097668,0.1897369705316675,0.10278874061515873,1.7178818507207403,7.0,44.0,7.0,19.333333333333332
S079,0.374888977542196,0.09493826729236407,0.04812325596080355,0.015133984711733333,2.7810402267160685,25.0,15.0,25.0,21.666666666666668
S348,0.3826377858967749,0.09688237001004943,0.1440991807443509,0.09324475714646734,2.0899975392707666,21.0,24.0,21.0,22.0
S125,0.34894779585013014,-0.08842208284915216,0.006201919829304349,0.09593517629681449,4.24490035002122,32.0,4.0,32.0,22.666666666666668
S152,0.4034126583339519,0.10208906110858476,0.18300170292724355,0.03732812000031547,1.7948133131870017,17.0,37.0,17.0,23.666666666666668
S247,0.3703685150818098,0.09380362267564295,0.10103267375697465,0.00016565634237424509,2.4045757214582015,28.0,17.0,28.0,24.333333333333332
S430,0.4654154456343955,0.117577070915657,0.23468312691256824,0.3359304375986326,1.513129767483594,9.0,57.0,9.0,25.0
S425,0.3878728445521612,0.09819517071159346,0.18300170292724355,0.07165883784203973,1.774971366852468,19.0,40.0,19.0,26.0
S298,0.40794683007423993,0.10322433596793043,0.222748924086013,0.19557462620177787,1.5655075216630647,15.0,53.0,15.0,27.666666666666668
S295,0.38108153897330366,0.09649201063155409,0.18799130636377842,0.1074112547053511,1.7420994330407207,22.0,42.0,22.0,28.666666666666668
S519,0.34467838200583006,0.08734853416514089,0.10513026971897535,0.00022936538356834412,2.2857929184700665,34.0,20.0,34.0,29.333333333333332
S163,0.4009240636281066,0.10146579198201545,0.222748924086013,0.2175628460514725,1.552801940913947,18.0,54.0,18.0,30.0
S434,0.45788634142371004,0.11570067554816733,0.25802753271899936,0.37452497295767595,1.3827223996090805,10.0,70.0,10.0,30.0
S122,0.3254009531024359,-0.08249746662165716,0.01281037616711946,0.10278874061515873,3.5319246066038645,42.0,10.0,42.0,31.333333333333332
S435,0.45111813256170297,0.11401285123566197,0.2666201305019033,0.6082260511119911,1.3399071999729448,11.0,73.0,11.0,31.666666666666668
S064,0.37997694746855265,0.09621491468194367,0.20753646989573615,0.5671153200212602,1.6321959839377644,23.0,49.0,23.0,31.666666666666668
S436,0.44982678720033914,0.11369070892390869,0.2666201305019033,0.931071313734607,1.33595651739946,12.0,74.0,12.0,32.666666666666664
S160,0.36694931632886124,0.09294515423215416,0.1912212836843039,0.1474417998171576,1.7047377461712785,30.0,45.0,30.0,35.0
S197,0.3318990381615201,0.08413334958423792,0.14420757396509773,0.08071130911812664,1.9766067472426527,40.0,31.0,40.0,37.0
S165,0.38489737639280047,0.09744907213075378,0.2666201305019033,0.748996312234467,1.3450551506073432,20.0,72.0,20.0,37.333333333333336
S294,0.36743825471771036,0.09306792620128712,0.23342458439740146,0.3845573726075882,1.5231518680257592,29.0,56.0,29.0,38.0
S000,0.32118697871451646,-0.08143624762328797,0.14420757396509773,0.014349207916218458,2.041100939666904,44.0,27.0,44.0,38.333333333333336
S127,0.2838383607152904,-0.07201891715242965,0.045073165539598246,0.23080510562177048,2.8394403934536374,51.0,14.0,51.0,38.666666666666664
S280,0.2714680944125578,-0.06889541890938801,0.01105234943652184,0.1474417998171576,3.7372425138527725,56.0,6.0,56.0,39.333333333333336
S469,0.3244039592379036,0.0822464155911294,0.16080492213653222,0.1017206494249429,1.9146732112965583,43.0,33.0,43.0,39.666666666666664
S078,0.2845069427333012,-0.07218767492954097,0.10513026971897535,0.1074112547053511,2.2660867596839176,50.0,22.0,50.0,40.666666666666664
S300,0.3793526761356339,0.09605830113660886,0.2666201305019033,0.7819970686024711,1.3334624804577133,24.0,75.0,24.0,41.0
S460,0.30122576116099536,0.07640564388133882,0.14420757396509773,0.04972957378357316,1.9753484402679977,47.0,32.0,47.0,42.0
S282,0.28785835241725927,0.07303351549596242,0.14420757396509773,0.058567685883312404,1.9974698084199811,49.0,29.0,49.0,42.333333333333336
S065,0.3483334366094229,0.08826762044900906,0.2396700797368059,0.5574193096729715,1.4745428338923452,33.0,61.0,33.0,42.333333333333336
S299,0.37312338419519564,0.0944951438139401,0.26942903832104786,0.37452497295767595,1.3225513631212713,26.0,77.0,26.0,43.0
S159,0.3431945208165523,0.08697534420783681,0.2396700797368059,0.37452497295767595,1.483326057762356,35.0,59.0,35.0,43.0
S164,0.37252134595328634,0.09434403315308584,0.27317975326080035,0.5883398480418836,1.3054108895460712,27.0,79.0,27.0,44.333333333333336
S584,0.33452103348447293,0.08479324107130594,0.24083096566615908,0.3845573726075882,1.4653824726939766,38.0,62.0,38.0,46.0
S011,0.2805474417090235,-0.07118816152918596,0.1712152177411397,0.1074112547053511,1.8527860431349132,52.0,35.0,52.0,46.333333333333336
S210,0.30420978723068337,0.07715805530913016,0.222748924086013,0.19557462620177787,1.574929611066058,46.0,51.0,46.0,47.666666666666664
S385,0.2765491503966322,0.07017863849232443,0.18300170292724355,0.006353692614718744,1.7762298742182603,54.0,38.0,54.0,48.666666666666664
S063,0.3273968468134883,0.08300000138895589,0.24085773934860674,0.5738662842220531,1.451545909465503,41.0,64.0,41.0,48.666666666666664
S147,0.26296553793449007,0.06674733815399814,0.1712152177411397,0.06151172390284429,1.849641626014781,57.0,36.0,57.0,50.0
S095,0.2797880694191235,0.07099644540333432,0.1947087372680927,0.1074112547053511,1.6873432173038527,53.0,46.0,53.0,50.666666666666664
S022,0.33699205133392107,-0.08541503316618808,0.27995440904831165,0.5982778973680467,1.2893091906161216,37.0,80.0,37.0,51.333333333333336
S090,0.24109207578031006,-0.061217043835682085,0.14420757396509773,0.2065059713819274,2.054636846090741,65.0,26.0,65.0,52.0
S445,0.24308804076863053,0.06172192769029161,0.14420757396509773,0.24848867794763677,2.0008330432745858,64.0,28.0,64.0,52.0
S026,0.36176358850096046,-0.09164276298196435,0.34902770726101595,0.9789197576793564,1.112094653930008,31.0,96.0,31.0,52.666666666666664
S316,0.253895615832815,-0.0644548957029473,0.18799130636377842,0.20986925006696375,1.744754398464298,59.0,41.0,59.0,53.0
S213,0.27240612274880016,0.06913234369220549,0.222748924086013,0.16634094035458016,1.5513081847742336,55.0,55.0,55.0,55.0
S130,0.23729192955848066,0.06025565866688175,0.1440991807443509,0.404800742164386,2.0828849688958075,70.0,25.0,70.0,55.0
S115,0.24957026926564285,-0.0633612932893418,0.222748924086013,0.24848867794763677,1.5840548985108627,60.0,50.0,60.0,56.666666666666664
S377,0.24379756327040167,-0.06190139161639976,0.1972930067535966,0.19557462620177787,1.6670464931095919,62.0,47.0,62.0,57.0
S033,0.3406893210496262,0.0863452053540843,0.36353941131455225,0.015133984711733333,1.0784770258736598,36.0,100.0,36.0,57.333333333333336
S172,0.23797511983019193,0.06042850893040868,0.1712152177411397,0.2574910571671461,1.86906253044069,69.0,34.0,69.0,57.333333333333336
S542,0.237172389675412,-0.06022541397206345,0.14420757396509773,0.30979423339131673,1.9805350059371003,71.0,30.0,71.0,57.333333333333336
S351,0.2567104002839909,0.06516644948657922,0.23939395131770339,0.1341015189511437,1.4969453226617002,58.0,58.0,58.0,58.0
S488,0.24577948084846785,-0.0624026584569551,0.222748924086013,0.24848867794763677,1.5714621443055379,61.0,52.0,61.0,58.0
S145,0.22135986458480808,-0.05622326855995684,0.06274564849637497,0.37452497295767595,2.637782894380577,79.0,16.0,79.0,58.0
S583,0.2957672625927842,0.0750289662018135,0.2862722176550626,0.6247365245436534,1.2504604911308703,48.0,85.0,48.0,60.333333333333336
S128,0.2396095366213991,0.06084200176717407,0.1972930067535966,0.1074112547053511,1.663133560366859,67.0,48.0,67.0,60.666666666666664
S443,0.23430275999992423,0.0594993215560812,0.18300170292724355,0.25544422046664633,1.77544754701104,73.0,39.0,73.0,61.666666666666664
S420,0.23639064742369406,0.06002762187449673,0.1897369705316675,0.06151172390284429,1.7243497709446736,72.0,43.0,72.0,62.333333333333336
S014,0.2399594929763725,-0.06093053353239353,0.24085773934860674,0.260065110232348,1.454992355938416,66.0,63.0,66.0,65.0
S114,0.3343576966888179,0.08475213648201296,0.5001549496650339,0.37452497295767595,0.7973671179594695,39.0,139.0,39.0,72.33333333333333
S577,0.1880378839309389,-0.047780836721439596,0.01860551977109848,0.7298422658925344,3.2906634360729328,103.0,12.0,103.0,72.66666666666667
S588,0.2386310689123045,0.06059446193338279,0.2862722176550626,0.2934762600130448,1.2510521185069938,68.0,84.0,68.0,73.33333333333333
S452,0.21949262532690172,-0.05575048812323613,0.2413249401240982,0.3851777187494159,1.4439709255177642,81.0,65.0,81.0,75.66666666666667
S354,0.2326004669000055,-0.05906855154696267,0.2862722176550626,0.2237621126044014,1.261716009356601,74.0,82.0,74.0,76.66666666666667
S288,0.22548954824666534,0.05726875965341395,0.2666201305019033,0.19557462620177787,1.3327799603276467,78.0,76.0,78.0,77.33333333333333
S124,0.21458225770062683,0.05450701680990845,0.2528740702500216,0.2497855307997911,1.407474399711008,83.0,67.0,83.0,77.66666666666667
S249,0.3125171085296187,0.07925201830532878,0.5230858328634684,0.37452497295767595,0.7655774939487866,45.0,143.0,45.0,77.66666666666667
S575,0.18065040368965918,-0.04590769875969007,0.10513026971897535,0.6681178499077132,2.2702857056107644,108.0,21.0,108.0,79.0
S180,0.2114921644852076,-0.05372437020350021,0.25802753271899936,0.4013323620504846,1.3884459044718658,85.0,69.0,85.0,79.66666666666667
S067,0.24327509396970287,0.06176924079815284,0.4021435415569087,0.6681178499077132,0.9820269474792158,63.0,113.0,63.0,79.66666666666667
S188,0.22056951777376,0.056023159268199355,0.2862722176550626,0.28102019015258095,1.2540824127656127,80.0,83.0,80.0,81.0
S587,0.22928802152535907,0.058230233651518755,0.3099379171486742,0.2574910571671461,1.184423951765981,76.0,92.0,76.0,81.33333333333333
S573,0.1754552829813637,-0.044590154883170405,0.10513026971897535,0.6500854486923523,2.3187358819844093,113.0,19.0,113.0,81.66666666666667
S133,0.2058023293946362,0.05228301325707581,0.2666201305019033,0.313466794512339,1.3572335594214056,89.0,71.0,89.0,83.0
S468,0.21560252805391583,-0.054765404867777395,0.2949362010879123,0.1474417998171576,1.2226744901777487,82.0,88.0,82.0,84.0
S031,0.20012583653901656,-0.05084471050340328,0.2416401713083928,0.931071313734607,1.436773418780432,93.0,66.0,93.0,84.0
S153,0.2059036713386351,0.05230868822455783,0.2949362010879123,0.2065059713819274,1.2159059210770293,88.0,89.0,88.0,88.33333333333333
S126,0.21025270183766556,0.05341041609377381,0.36232377068089533,0.3845573726075882,1.0891635862020717,86.0,98.0,86.0,90.0
S426,0.20500414348133597,0.05208078934642998,0.2949362010879123,0.20986925006696375,1.2107170149083826,91.0,91.0,91.0,91.0
S138,0.21157616137275156,0.053745645919181705,0.3932385035061234,0.5699381378981665,0.9995074757837697,84.0,111.0,84.0,93.0
S030,0.19041489506280967,0.048383435296512095,0.3320419115319094,0.37452497295767595,1.1451657302834348,98.0,94.0,98.0,96.66666666666667
S076,0.19175771927901544,-0.04872383275711777,0.36353941131455225,0.37452497295767595,1.0805566069474797,96.0,99.0,96.0,97.0
S411,0.2056745539922209,0.052250641228816515,0.394524290063525,0.5459114370633392,0.9941947195959164,90.0,112.0,90.0,97.33333333333333
S032,0.2296168101179203,0.05831344942368218,0.5579786042948068,0.6267950516610133,0.7345064509505448,75.0,144.0,75.0,98.0
S038,0.2280570218960363,0.05791865920276151,0.5063031660836392,0.545881160646354,0.7873253746667076,77.0,140.0,77.0,98.0
S357,0.19404694050070648,0.04930409668009899,0.3854201783609958,0.2175628460514725,1.0359984440086625,95.0,104.0,95.0,98.0
S143,0.18669843835796954,-0.04744124944938647,0.2862722176550626,0.5340663057909248,1.2431880342957207,104.0,87.0,104.0,98.33333333333333
S102,0.20435458498942963,-0.0519162161167915,0.4093549048549527,0.19557462620177787,0.9592006290868703,92.0,117.0,92.0,100.33333333333333
S093,0.18579425189998694,0.04721200334483238,0.31772051259247047,0.6472152464584333,1.1689582861703525,105.0,93.0,105.0,101.0
S324,0.1889209222321369,0.048004702809434065,0.3929990749342893,0.3845573726075882,1.0076684632207453,100.0,109.0,100.0,103.0
S307,0.1775534798110024,0.04512231074176152,0.2949362010879123,0.3845573726075882,1.2130774899048848,110.0,90.0,110.0,103.33333333333333
S365,0.1992051569989765,0.05061139980085123,0.4505976501565579,0.33813569199360727,0.8922758815358963,94.0,124.0,94.0,104.0
S416,0.17621226772471893,-0.04478214978749819,0.3453749766810067,0.5556593676899914,1.123472015377821,112.0,95.0,112.0,106.33333333333333
S336,0.19060180818738331,0.04843081760615957,0.4595782642043394,0.3845573726075882,0.8733232878075614,97.0,127.0,97.0,107.0
S239,0.18454010402210763,-0.04689401619388148,0.3932385035061234,0.35362841453148347,1.0021692668652493,106.0,110.0,106.0,107.33333333333333
S040,0.18830998916328281,-0.04784982105987924,0.4167446608382851,0.058567685883312404,0.9368310744192778,102.0,121.0,102.0,108.33333333333333
S058,0.17671863836706098,0.044910578382841765,0.37055275261579484,0.4694275562898961,1.057799220833492,111.0,103.0,111.0,108.33333333333333
S010,0.18874424505268667,0.04795991254527441,0.46872104505663564,0.19557462620177787,0.8613620663207278,101.0,128.0,101.0,110.0
S106,0.17498005422961518,-0.044469619546554734,0.36353941131455225,0.703591118029614,1.0746136158655173,115.0,101.0,115.0,110.33333333333333
S521,0.20850220265614341,0.052966990203070705,0.6536616820557524,0.3761977661104812,0.6116029702920083,87.0,162.0,87.0,112.0
S544,0.16290034662407826,0.0414051274921443,0.2862722176550626,0.5558868742367733,1.2689307244098122,129.0,81.0,129.0,113.0
S437,0.1899099014075066,0.04825541822474148,0.5063031660836392,0.7819970686024711,0.7858567334287067,99.0,141.0,99.0,113.0
S491,0.18330377603488235,0.04658053329198031,0.45363494930696885,0.30979423339131673,0.8824094377140149,107.0,126.0,107.0,113.33333333333333
S017,0.17801912553096716,-0.0452404050979378,0.4240516755631772,0.34269368649991283,0.9235486597483372,109.0,122.0,109.0,113.33333333333333
S175,0.1747230694676959,0.044404438032759785,0.3854201783609958,0.33249393708693126,1.0201282857314518,116.0,108.0,116.0,113.33333333333333
S044,0.17319405341736566,-0.04401660730732879,0.3854201783609958,0.1879855575112828,1.0221068095334007,118.0,106.0,118.0,114.0
S543,0.15600756913003014,-0.03965597455857025,0.27317975326080035,0.8685132049940187,1.3101612628279933,138.0,78.0,138.0,118.0
S007,0.17404329230847745,-0.04423201688996178,0.41418384920699486,0.545881160646354,0.9431120833256121,117.0,120.0,117.0,118.0
S446,0.16898505637763453,0.042948904487992066,0.40519439436504084,0.3512470179645206,0.967365071530054,121.0,116.0,121.0,119.33333333333333
S121,0.16384142792866505,0.0416439128060322,0.3854201783609958,0.5908035446519494,1.0274820413527552,127.0,105.0,127.0,119.66666666666667
S161,0.15663986704746566,-0.03981644573765116,0.2862722176550626,0.9621108787713828,1.2461491697141003,137.0,86.0,137.0,120.0
S112,0.12419589199415432,0.031578775862134506,0.014580727964142308,0.06099009610330533,3.434314596800713,179.0,11.0,179.0,123.0
S574,0.13752560953512638,-0.034964125218893326,0.2396700797368059,0.931071313734607,1.4752638338339852,155.0,60.0,155.0,123.33333333333333
S511,0.1721381628794454,0.043748771942293936,0.4860039827775739,0.5216102277294701,0.8322727297649787,119.0,132.0,119.0,123.33333333333333
S219,0.1711030475457553,0.04348619722235422,0.4860039827775739,0.31669347660211566,0.8349506958572209,120.0,131.0,120.0,123.66666666666667
S089,0.17541872614257575,-0.04458088280519159,0.6172344273925053,0.12761124313182787,0.6643449168058158,114.0,153.0,114.0,127.0
S572,0.13552777905590602,-0.03445680988343952,0.2528740702500216,0.9621108787713828,1.4040732775646156,157.0,68.0,157.0,127.33333333333333
S278,0.15911836659376405,-0.040445435454798034,0.41418384920699486,0.6487903181278183,0.9495805568921363,134.0,118.0,134.0,128.66666666666666
S037,0.16177196676776212,0.04111880862044835,0.4240516755631772,0.3521499186164464,0.9221625942448308,132.0,123.0,132.0,129.0
S484,0.15884926472626418,-0.040377145519463614,0.4050440187999233,0.6681178499077132,0.9712864254951766,136.0,115.0,136.0,129.0
S296,0.1455135703293677,-0.036992259092501756,0.34902770726101595,0.9621108787713828,1.1098548505848913,146.0,97.0,146.0,129.66666666666666
S200,0.16314137300334486,0.04146628501054152,0.49773547200819346,0.5385549770429117,0.8089489882787891,128.0,136.0,128.0,130.66666666666666
S227,0.16567980913097413,0.04211035393446388,0.5646102508205018,0.37452497295767595,0.7233848747381341,124.0,146.0,124.0,131.33333333333334
S019,0.14609667213750896,0.03714029036118819,0.3854201783609958,0.9621108787713828,1.0203454176099687,144.0,107.0,144.0,131.66666666666666
S306,0.16426352017556498,0.04175101008878326,0.5646102508205018,0.5908035446519494,0.7246849595286929,126.0,145.0,126.0,132.33333333333334
S117,0.16489654737858755,-0.041911625107747076,0.5732820355752432,0.8567644872764487,0.7063648635639963,125.0,149.0,125.0,133.0
S170,0.1622575074047122,0.04124201256833874,0.5732820355752432,0.6279208407676334,0.713478508325037,131.0,147.0,131.0,136.33333333333334
S016,0.16256088474487793,0.041318992371197676,0.5732820355752432,0.5982782540859355,0.7050268973215035,130.0,150.0,130.0,136.66666666666666
S485,0.14991847954241141,-0.03811046647498627,0.4860039827775739,0.6082260511119911,0.8385587476277648,142.0,130.0,142.0,138.0
S454,0.13600480399063017,-0.03457794475093888,0.37055275261579484,0.9621108787713828,1.0579414051606084,156.0,102.0,156.0,138.0
S171,0.15984172727130647,0.04062899975933908,0.5825124489929981,0.6278379663738051,0.6952043307817516,133.0,151.0,133.0,139.0
S248,0.16785731225897138,0.042662802734757733,0.6674120585158414,0.9621108787713828,0.5668731051560579,123.0,175.0,123.0,140.33333333333334
S520,0.1680719370283357,0.042717252530749615,0.6674120585158414,0.962709000521123,0.5647097999262845,122.0,177.0,122.0,140.33333333333334
S318,0.13832809614900926,-0.03516789556527486,0.41418384920699486,0.9493920557670088,0.9443065745902438,151.0,119.0,151.0,140.33333333333334
S301,0.15908461856693243,0.04043687125480845,0.6471567441408629,0.7819970686024711,0.6243570252160143,135.0,160.0,135.0,143.33333333333334
S310,0.14308560106022375,0.03637584774144608,0.49622139677774074,0.5671153200212602,0.8134772339084159,149.0,135.0,149.0,144.33333333333334
S270,0.14593028792359833,-0.037098050874332676,0.5732820355752432,0.3845573726075882,0.7076196736097148,145.0,148.0,145.0,146.0
S423,0.14367124737905254,0.03652453509652939,0.6532620853617516,0.8567644872764487,0.617573160306381,148.0,161.0,148.0,152.33333333333334
S545,0.12610194497335797,-0.032062925603167106,0.4050440187999233,0.962709000521123,0.9716237506582752,173.0,114.0,173.0,153.33333333333334
S386,0.1554031432921639,0.03950257417868218,0.7066498895576729,0.9621108787713828,0.5278311041201306,139.0,183.0,139.0,153.66666666666666
S238,0.13811377170871258,0.03511347394498986,0.6380002881289989,0.637522455485341,0.6411091340314344,153.0,156.0,153.0,154.0
S118,0.13773822702506577,-0.03501811425798826,0.6332319058206677,0.5216102277294701,0.6475920021335518,154.0,155.0,154.0,154.33333333333334
S441,0.14386187109455928,0.036572931251338765,0.6536616820557524,0.7301253834606527,0.5911373517038361,147.0,171.0,147.0,155.0
S334,0.1382680166067552,0.03515264009897468,0.6536616820557524,0.5724695984870782,0.6035398009286962,152.0,166.0,152.0,156.66666666666666
S099,0.13251133687344058,0.03369078494986167,0.6380002881289989,0.9346471355095644,0.6371419260872581,161.0,157.0,161.0,159.66666666666666
S360,0.13943518171612715,0.03544900359130133,0.7046216884461857,0.9621108787713828,0.5314590945309137,150.0,182.0,150.0,160.66666666666666
S417,0.1315310378287164,-0.03344182533922407,0.6536616820557524,0.3845573726075882,0.60843278519918,163.0,163.0,163.0,163.0
S025,0.1489515578145015,-0.037865020862459235,0.7174293155084572,0.9621108787713828,0.4655655840676855,143.0,204.0,143.0,163.33333333333334
S479,0.1313469692737016,0.033395078055393955,0.6536616820557524,0.853976659389315,0.5945018413423618,164.0,167.0,164.0,165.0
S589,0.1297940894070181,0.03300068958296937,0.6536616820557524,0.5280021125999294,0.6048376437810831,167.0,165.0,167.0,166.33333333333334
S041,0.13361851725568957,0.033971960171793776,0.7146017683890232,0.9621108787713828,0.5149093867196545,158.0,186.0,158.0,167.33333333333334
S046,0.12847889046077973,0.032666653415849144,0.6536616820557524,0.6565890307536927,0.5932752922254547,168.0,168.0,168.0,168.0
S144,0.12722577997565163,-0.0323483763820678,0.6536616820557524,0.5340663057909248,0.6078414518919677,171.0,164.0,171.0,168.66666666666666
S123,0.12492941113749571,0.03176509710183492,0.6278938741337375,0.8965693580809547,0.654079522422496,177.0,154.0,177.0,169.33333333333334
S576,0.11707263476508689,-0.02976922858784941,0.4927624145772777,0.9621108787713828,0.8229972736666323,188.0,133.0,188.0,169.66666666666666
S222,0.13329785176998357,0.03389052603959464,0.7161811368821839,0.9621108787713828,0.5020361288661683,159.0,191.0,159.0,169.66666666666666
S494,0.13252089103239506,0.033693211321210365,0.7161811368821839,0.9621108787713828,0.4989063020879474,160.0,193.0,160.0,171.0
S340,0.13056131054072692,0.03319554443762495,0.7146017683890232,0.7127739066519566,0.5158560988095281,166.0,185.0,166.0,172.33333333333334
S080,0.13069851688390768,-0.033230390996529094,0.7161811368821839,0.7537539708886227,0.509488183202525,165.0,188.0,165.0,172.66666666666666
S166,0.1321211296969366,0.03359168754358151,0.7174293155084572,0.9589431191073129,0.4868713711718169,162.0,196.0,162.0,173.33333333333334
S207,0.12541757418239027,0.031889093590800166,0.6674120585158414,0.8901750084805492,0.565547366530562,175.0,176.0,175.0,175.33333333333334
S467,0.15478831556263004,0.03934653098301199,0.7235685938302242,0.9781177511864033,0.38480235620937836,140.0,247.0,140.0,175.66666666666666
S547,0.11833782215989,0.030090650690667818,0.6380002881289989,0.8184247260075376,0.6360085274600763,185.0,158.0,185.0,176.0
S195,0.15298091178665607,0.03888779551858937,0.7235685938302242,0.9621108787713828,0.3858521509981599,141.0,246.0,141.0,176.0
S050,0.12404871115250195,0.0315413900509248,0.6536616820557524,0.6565890307536927,0.5917646120897516,180.0,169.0,180.0,176.33333333333334
S182,0.11572593076501328,-0.029427086966873146,0.5065876681809112,0.9621108787713828,0.7825435312947342,194.0,142.0,194.0,176.66666666666666
S562,0.1262142194687011,-0.03209144334804635,0.7174293155084572,0.6082260511119911,0.49411591067569366,172.0,194.0,172.0,179.33333333333334
S343,0.12390945232504398,0.031506016410474035,0.6878302742412461,0.9589431191073129,0.5467326971710483,181.0,180.0,181.0,180.66666666666666
S470,0.12092102568613287,0.030746886996045483,0.7145086350192077,0.5982778973680467,0.5206611845406928,183.0,184.0,183.0,183.33333333333334
S211,0.12787612472280385,0.032513558420252206,0.7174293155084572,0.9594017219140961,0.4532164569056493,170.0,212.0,170.0,184.0
S553,0.1246297077329941,0.03168896982185291,0.7174293155084572,0.9378974901580177,0.4846101258239825,178.0,197.0,178.0,184.33333333333334
S055,0.12496443333358667,0.031773993009182634,0.7174293155084572,0.8859470103097058,0.4656979586444997,176.0,202.0,176.0,184.66666666666666
S198,0.11883343485533342,0.030216559044725262,0.7146017683890232,0.5699381378981665,0.5135807961376441,184.0,187.0,184.0,185.0
S272,0.11608889360346746,0.02951930179050944,0.6674120585158414,0.6187102614019213,0.5622394092519385,192.0,179.0,192.0,187.66666666666666
S015,0.11350492764812818,0.028862799669486565,0.6674120585158414,0.6923583056385537,0.5780442762577291,196.0,172.0,196.0,188.0
S349,0.12584269013940103,0.03199707452302427,0.7174293155084572,0.9589431191073129,0.4436353946471421,174.0,216.0,174.0,188.0
S214,0.10187337004221911,-0.025907147066254903,0.4528404519109476,0.9991556268793832,0.8866312611346137,220.0,125.0,220.0,188.33333333333334
S433,0.116791342774166,0.02969776482234385,0.7161811368821839,0.7537539708886227,0.5044508909547875,189.0,189.0,189.0,189.0
S251,0.10421914658094152,-0.026503280971124487,0.49844269655685824,0.5982782540859355,0.8051506852411092,215.0,137.0,215.0,189.0
S045,0.11819281816684839,0.030053812755251465,0.7174293155084572,0.7127739066519566,0.48090406523512635,186.0,198.0,186.0,190.0
S523,0.10332561637704595,-0.0262762107872562,0.5001549496650339,0.6187102614019213,0.7974920483822392,216.0,138.0,216.0,190.0
S082,0.11629416351725051,-0.029571452605527265,0.7161811368821839,0.8965693580809547,0.5034192409887631,190.0,190.0,190.0,190.0
S043,0.11491757796763431,0.029221713078664904,0.6926803342833834,0.6500854486923523,0.5412750565351147,195.0,181.0,195.0,190.33333333333334
S550,0.12350389755174451,0.031402999295891985,0.7174293155084572,0.9621108787713828,0.46149230122097956,182.0,207.0,182.0,190.33333333333334
S027,0.12797438843069747,-0.032538516335515424,0.7174293155084572,0.9621108787713828,0.40729473342717704,169.0,237.0,169.0,191.66666666666666
S582,0.11740004574788133,0.029852408559956276,0.7174293155084572,0.6082260511119911,0.4631165715271248,187.0,205.0,187.0,193.0
S216,0.11584742157429191,-0.0294579531679577,0.7174293155084572,0.6026065206095005,0.4737539916032614,193.0,200.0,193.0,195.33333333333334
S056,0.11282913686153838,0.028691096905844277,0.7161811368821839,0.5599548330632926,0.4989553129028149,197.0,192.0,197.0,195.33333333333334
S024,0.10641042107527585,-0.02706012562888573,0.6536616820557524,0.8965693580809547,0.5914239267654975,211.0,170.0,211.0,197.33333333333334
S408,0.11100721881156236,-0.028228177178854744,0.7174293155084572,0.37452497295767595,0.4656822086018767,202.0,203.0,202.0,202.33333333333334
S556,0.11620188197013401,0.029548007612169733,0.7174293155084572,0.9727409734601604,0.42588843257432923,191.0,226.0,191.0,202.66666666666666
S202,0.11135038133979894,0.0283153705900294,0.7174293155084572,0.6154596100736559,0.4567414110091754,201.0,210.0,201.0,204.0
S134,0.1069816279103141,-0.027205276066104855,0.7174293155084572,0.637522455485341,0.49042794423299874,210.0,195.0,210.0,205.0
S135,0.10973312244965078,-0.0279044392181209,0.7174293155084572,0.37452497295767595,0.4604157082521214,204.0,208.0,204.0,205.33333333333334
S311,0.10746618112236524,-0.02732840544045876,0.7174293155084572,0.7623519505291667,0.45899755050038005,208.0,209.0,208.0,208.33333333333334
S279,0.10901788816349464,-0.027722699902805514,0.7174293155084572,0.39091581758706023,0.45071157139570334,207.0,213.0,207.0,209.0
S483,0.09929306769388935,-0.02525138104715635,0.6674120585158414,0.9886654202388973,0.5646538561001196,226.0,178.0,226.0,210.0
S100,0.1094399993805764,0.027829957683476764,0.7174293155084572,0.9229717341677359,0.44162032911023136,206.0,218.0,206.0,210.0
S196,0.11265044925594883,0.02864569610483247,0.7174293155084572,0.9229717341677359,0.41019560994750615,198.0,234.0,198.0,210.0
S183,0.10205641731854141,0.025953666006728264,0.7174293155084572,0.7770777954052045,0.46233482025599315,219.0,206.0,219.0,214.66666666666666
S569,0.11085779792881104,0.028190210954292614,0.7174293155084572,0.853976659389315,0.4034961287667453,203.0,240.0,203.0,215.33333333333334
S053,0.10271124192928482,-0.026120079266872386,0.7174293155084572,0.8859470103097058,0.44987141142617515,217.0,214.0,217.0,216.0
S271,0.10552600979480219,0.026835382850802645,0.7174293155084572,0.7819970686024711,0.4337450803381683,214.0,220.0,214.0,216.0
S048,0.10590688916685029,-0.026932170774082116,0.7174293155084572,0.6100156141050325,0.4279401714354226,212.0,225.0,212.0,216.33333333333334
S486,0.10065969275866674,0.025598703481955223,0.7174293155084572,0.6160690538802065,0.4778261145019174,225.0,199.0,225.0,216.33333333333334
S376,0.10581619466291164,0.026909123827455098,0.7174293155084572,0.931071313734607,0.43108311357035084,213.0,223.0,213.0,216.33333333333334
S023,0.10244669872139159,0.026052850078677005,0.7174293155084572,0.6681178499077132,0.4426490736140847,218.0,217.0,218.0,217.66666666666666
S558,0.11231427948946815,0.02856028188460013,0.7488350643934419,0.9589431191073129,0.356726932147213,199.0,255.0,199.0,217.66666666666666
S350,0.10184266704760897,0.025899344307176043,0.7174293155084572,0.6723585657414719,0.4548849473256962,221.0,211.0,221.0,217.66666666666666
S273,0.10741429442081783,0.027315220617465816,0.7174293155084572,0.9621108787713828,0.40793708219432306,209.0,236.0,209.0,218.0
S332,0.10967736424654609,0.02789027129176794,0.7235685938302242,0.9621108787713828,0.38033305954758245,205.0,251.0,205.0,220.33333333333334
S054,0.10067125123992238,-0.02560164098558206,0.7174293155084572,0.7819970686024711,0.42180265556970026,224.0,227.0,224.0,225.0
S455,0.09850678725108537,0.02505154678438098,0.7174293155084572,0.7819970686024711,0.4320026117105533,228.0,222.0,228.0,226.0
S212,0.09810085371758881,0.024948377038073094,0.7174293155084572,0.6500854486923523,0.4404126022062387,231.0,219.0,231.0,227.0
S228,0.09381549183677007,0.023859185971720476,0.7174293155084572,0.5908035446519494,0.4466926980662219,234.0,215.0,234.0,227.66666666666666
S331,0.11157560081167282,0.028372595758544988,0.8230684479889618,0.9621108787713828,0.26768450264318006,200.0,286.0,200.0,228.66666666666666
S338,0.10096948737542895,0.025677435292244512,0.7192569039974409,0.7623519505291667,0.39816555509107787,223.0,241.0,223.0,229.0
S137,0.094219479466419,0.023961869370007487,0.7174293155084572,0.6923583056385537,0.43282101393856903,233.0,221.0,233.0,229.0
S204,0.10150499401198111,0.025813528869387162,0.7235685938302242,0.853976659389315,0.3867836878236923,222.0,245.0,222.0,229.66666666666666
S060,0.09865020362823435,0.025087996479753596,0.7174293155084572,0.853976659389315,0.4086977303326299,227.0,235.0,227.0,229.66666666666666
S101,0.08583753692367782,-0.02183124184093764,0.7174293155084572,0.853976659389315,0.46990445915264567,247.0,201.0,247.0,231.66666666666666
S415,0.0950814476527298,-0.024180957258344585,0.7174293155084572,0.9589431191073129,0.4137494399225732,232.0,233.0,232.0,232.33333333333334
S029,0.09294962577341154,0.02363910226305266,0.7174293155084572,0.9378974901580177,0.4307851624773838,237.0,224.0,237.0,232.66666666666666
S132,0.09344926879361375,0.023766100719838097,0.7174293155084572,0.7503334999219747,0.4144549883723609,235.0,232.0,235.0,234.0
S285,0.09337270270064156,-0.023746639348352538,0.7174293155084572,0.8965693580809547,0.41525297432152275,236.0,230.0,236.0,234.0
S439,0.09120204757738005,-0.02319489669498253,0.7174293155084572,0.8869418842074634,0.4165438929743527,239.0,229.0,239.0,235.66666666666666
S305,0.09843883157619794,0.02503427561422161,0.7235685938302242,0.8859470103097058,0.3811623886290167,229.0,250.0,229.0,236.0
S555,0.08891467990661,0.022613464823216786,0.7174293155084572,0.5599548330632926,0.41481498984398113,243.0,231.0,243.0,239.0
S554,0.09825422343051307,0.024987356701425763,0.7488350643934419,0.8567644872764487,0.3542452423510437,230.0,257.0,230.0,239.0
S150,0.09117683787522109,-0.023188488703133017,0.7174293155084572,0.8739530255329743,0.40355234035614374,240.0,239.0,240.0,239.66666666666666
S366,0.09181409302249771,0.02335047013399972,0.7235685938302242,0.7118203449512,0.3812525195971146,238.0,249.0,238.0,241.66666666666666
S009,0.08900422471427308,-0.022636226883613497,0.7192569039974409,0.9589431191073129,0.3978111857486706,242.0,242.0,242.0,242.0
S410,0.08871236300907996,0.022562036257438297,0.7174293155084572,0.6923583056385537,0.40365418900179517,244.0,238.0,244.0,242.0
S290,0.06164606074188043,0.015680382178127783,0.6133845144532631,0.0038050605846020108,0.6699100937666684,288.0,152.0,288.0,242.66666666666666
S151,0.06307234032069033,-0.016043080418278968,0.6447013319632516,0.9621108787713828,0.628730797476764,285.0,159.0,285.0,243.0
S428,0.055015597029864416,-0.013994197915632056,0.47857493473505097,0.015437061356318206,0.8489468301815093,302.0,129.0,302.0,244.33333333333334
S424,0.06337264892761613,-0.01611944711423346,0.6674120585158414,0.9621108787713828,0.5696721110695452,284.0,174.0,284.0,247.33333333333334
S540,0.08819753794765275,-0.022431167911301474,0.7348180595827396,0.8184247260075376,0.3701861466964119,245.0,253.0,245.0,247.66666666666666
S201,0.09111232515764481,0.023172090361975036,0.7676870775927938,0.8965693580809547,0.3360009677202349,241.0,262.0,241.0,248.0
S155,0.05385277188220212,-0.013698468711279391,0.4945761252107749,0.015437061356318206,0.8181485431718242,306.0,134.0,306.0,248.66666666666666
S281,0.07763435725732701,-0.019745766260502756,0.7174293155084572,0.9621108787713828,0.416580832309752,260.0,228.0,260.0,249.33333333333334
S268,0.08578384801001714,-0.021817593528095012,0.7488350643934419,0.8184247260075376,0.35695955445138533,248.0,254.0,248.0,250.0
S086,0.08256904330435669,0.021000332823928873,0.7192569039974409,0.9589431191073129,0.3968988084327005,255.0,243.0,255.0,251.0
S447,0.08500239970072511,-0.0216189393889675,0.755927696463767,0.8184247260075376,0.3477064674222316,249.0,259.0,249.0,252.33333333333334
S075,0.08462771594081252,-0.021523689082890467,0.7488350643934419,0.8852436974681609,0.3534806111489667,250.0,258.0,250.0,252.66666666666666
S162,0.08005235516638394,-0.020360516342914445,0.7192569039974409,0.9798482112953504,0.395212623645072,258.0,244.0,258.0,253.33333333333334
S176,0.08411143031741158,-0.021392440471422032,0.758799083523315,0.8184247260075376,0.3443863436212162,251.0,260.0,251.0,254.0
S565,0.08601577408702843,0.021876551602275952,0.8023256021830227,0.9621108787713828,0.29853418839777907,246.0,272.0,246.0,254.66666666666666
S218,0.08103935263749515,-0.020611443286225,0.7488350643934419,0.9589431191073129,0.3566847409835559,256.0,256.0,256.0,256.0
S104,0.08355328183757776,-0.021250548363814473,0.7710574402653289,0.9621108787713828,0.3291538831160131,252.0,265.0,252.0,256.3333333333333
S286,0.05786846650594873,-0.01471972276952705,0.6674120585158414,0.9621108787713828,0.5751444494851432,299.0,173.0,299.0,257.0
S297,0.07723161049598587,-0.019643370013398137,0.7309009701253895,0.9798482112953504,0.3742274101633046,261.0,252.0,261.0,258.0
S392,0.07934620738913506,-0.020180988186458373,0.7605387183571499,0.931071313734607,0.3417246534284297,259.0,261.0,259.0,259.6666666666667
S142,0.08095769544258861,-0.02059068351156722,0.7725377024783234,0.9589431191073129,0.3234320115717529,257.0,268.0,257.0,260.6666666666667
S337,0.08327422506463823,0.021179606268410964,0.8076443859575326,0.9621108787713828,0.2897865416230678,254.0,277.0,254.0,261.6666666666667
S551,0.08337394771525403,0.02120495789842591,0.8185806208972929,0.8781163011077618,0.277074611999777,253.0,280.0,253.0,262.0
S344,0.07549609778413907,-0.01920211799860238,0.7725377024783234,0.931071313734607,0.323434056136411,265.0,267.0,265.0,265.6666666666667
S088,0.07556741474948502,0.019220250473896736,0.7766098947103034,0.931071313734607,0.3195312897176102,264.0,269.0,264.0,265.6666666666667
S108,0.07632801202699821,0.019413632607983147,0.8023256021830227,0.9589431191073129,0.2973556678188106,262.0,273.0,262.0,265.6666666666667
S131,0.07569811359523873,0.0192534808569937,0.8023256021830227,0.9886654202388973,0.2958031446923809,263.0,275.0,263.0,267.0
S254,0.0747669270941557,-0.019016723867362195,0.7821268441837572,0.9589431191073129,0.3148455330960394,266.0,270.0,266.0,267.3333333333333
S091,0.07173013055523791,0.018244587124996707,0.7710574402653289,0.5130939076343931,0.33137552181569074,272.0,263.0,272.0,269.0
S563,0.06658165535894502,-0.016935460517928037,0.7235685938302242,0.9621108787713828,0.38171308559994693,280.0,248.0,280.0,269.3333333333333
S526,0.07344404201360465,-0.018680370835914353,0.7925015745191132,0.9589431191073129,0.3075170646598698,269.0,271.0,269.0,269.6666666666667
S277,0.07228613830726949,-0.018385960294418496,0.8023256021830227,0.9621108787713828,0.29613758829091086,271.0,274.0,271.0,272.0
S413,0.07391913289376899,0.018801166839675927,0.8185806208972929,0.9589431191073129,0.2732952234052557,267.0,282.0,267.0,272.0
S252,0.06677819037193872,-0.016985436026712854,0.7725377024783234,0.9621108787713828,0.32458183677616487,277.0,266.0,277.0,273.3333333333333
S368,0.07249894995292586,0.018440070501927225,0.8185806208972929,0.4564418621839199,0.2715801703299996,270.0,285.0,270.0,275.0
S557,0.07363165601665686,0.018728073432064403,0.8610120537481,0.931071313734607,0.237609637507694,268.0,293.0,268.0,276.3333333333333
S487,0.06685456590043475,-0.017004856989373054,0.8184136666768781,0.991899562474813,0.2809094129536455,276.0,279.0,276.0,277.0
S319,0.06980953688397365,0.017756239499214163,0.8185806208972929,0.8859470103097058,0.27217144134164395,274.0,284.0,274.0,277.3333333333333
S442,0.07089511494036961,0.018032270039301877,0.8595102570524243,0.9621108787713828,0.24735352878355413,273.0,287.0,273.0,277.6666666666667
S047,0.06667601969341581,0.016959455777970502,0.8185806208972929,0.9589431191073129,0.27704620038873984,278.0,281.0,278.0,279.0
S361,0.06581841352609631,-0.016741379909999486,0.8595818897439244,0.9621108787713828,0.24430138960786446,281.0,289.0,281.0,283.6666666666667
S567,0.06689243423307982,0.017014486237690717,0.8617747838003998,0.9621108787713828,0.2255262115303776,275.0,301.0,275.0,283.6666666666667
S388,0.06367961312358088,0.016197505995420372,0.8595818897439244,0.9229717341677359,0.24563112984536073,283.0,288.0,283.0,284.6666666666667
S427,0.06658737873499698,0.016936915876842772,0.8617747838003998,0.9621108787713828,0.22847438690774954,279.0,298.0,279.0,285.3333333333333
S274,0.06157500855459671,-0.015662313675839295,0.8185806208972929,0.991899562474813,0.2729842516096439,289.0,283.0,289.0,287.0
S154,0.06554013736388804,0.01667061810871033,0.8619388297120949,0.9621108787713828,0.22347211075668724,282.0,302.0,282.0,288.6666666666667
S476,0.06298224224953511,0.016020168958840265,0.8617747838003998,0.9589431191073129,0.23284408371996812,286.0,294.0,286.0,288.6666666666667
S524,0.0594703298523471,-0.01512708904161846,0.8184136666768781,0.9621108787713828,0.28204569087777265,295.0,278.0,295.0,289.3333333333333
S359,0.06207801946081628,0.015790228530034593,0.8617747838003998,0.931071313734607,0.23010611798519398,287.0,296.0,287.0,290.0
S208,0.060570495356253175,-0.015406865310547841,0.8610120537481,0.9589431191073129,0.23954759467877354,291.0,290.0,291.0,290.6666666666667
S146,0.059033504831842325,-0.015016001789595576,0.8076443859575326,0.9621108787713828,0.2899922753653307,298.0,276.0,298.0,290.6666666666667
S352,0.05430825926222118,-0.013814308503476765,0.7710574402653289,0.8965693580809547,0.32943525683873925,304.0,264.0,304.0,290.6666666666667
S353,0.06090923462748708,-0.015493007269054886,0.8617747838003998,0.9589431191073129,0.22871083371480921,290.0,297.0,290.0,292.3333333333333
S490,0.059658938928502055,-0.015175053300682494,0.8610120537481,0.9621108787713828,0.23853950758953327,293.0,291.0,293.0,292.3333333333333
S083,0.059760985762859146,-0.015201004292365901,0.8617747838003998,0.9589431191073129,0.22766936592646156,292.0,299.0,292.0,294.3333333333333
S356,0.05935521537995691,-0.015097814787318413,0.8610120537481,0.9621108787713828,0.23806259117524858,296.0,292.0,296.0,294.6666666666667
S418,0.0591404700284069,-0.015043203739382883,0.8617747838003998,0.9589431191073129,0.22649791242478814,297.0,300.0,297.0,298.0
S339,0.05948716141568208,-0.015131369399075598,0.8910209038395077,0.9798482112953504,0.19340563400013636,294.0,313.0,294.0,300.3333333333333
S139,0.054630414692692975,-0.013896238907962892,0.8617747838003998,0.9798482112953504,0.2323762144539336,303.0,295.0,303.0,300.3333333333333
S489,0.05595721124320178,0.014233666160612722,0.8808855514889968,0.9621108787713828,0.2087377002746013,301.0,305.0,301.0,302.3333333333333
S335,0.056776004711011054,-0.014441897046212175,0.8808855514889968,0.9621108787713828,0.2045988055692837,300.0,308.0,300.0,302.6666666666667
S217,0.05376569852759775,0.013676324106589014,0.8619388297120949,0.9467726424633036,0.22113645985964345,307.0,304.0,307.0,306.0
S406,0.054209007604477416,-0.013789066816444468,0.8909395059202595,0.8965693580809547,0.1954836784601047,305.0,312.0,305.0,307.3333333333333
S432,0.05341408782917587,0.013586901828651984,0.8909395059202595,0.9621108787713828,0.1965897780135763,308.0,311.0,308.0,309.0
S323,0.05312646787376851,-0.013513753551385505,0.8808855514889968,0.931071313734607,0.20417344915434543,309.0,309.0,309.0,309.0
S346,0.05088430659104306,0.01294351374269615,0.8619388297120949,0.058567685883312404,0.22187374158474155,313.0,303.0,313.0,309.6666666666667
S173,0.05125569049676316,-0.013037967196659762,0.8808855514889968,0.8745784190382887,0.20743450172617886,312.0,306.0,312.0,310.0
S525,0.0525268198812398,0.013361248771813385,0.8972098274238293,0.9621108787713828,0.1869053847479838,310.0,316.0,310.0,312.0
S444,0.049621883932171144,-0.012622441302079073,0.8808855514889968,0.7819970686024711,0.2032053087992856,316.0,310.0,316.0,314.0
S068,0.05060333480496989,-0.012872054423094996,0.9024852209886927,0.8965693580809547,0.1794349023969376,314.0,318.0,314.0,315.3333333333333
S098,0.04817111579918796,-0.012253462069129554,0.8808855514889968,0.9621108787713828,0.2057718263726947,320.0,307.0,320.0,315.6666666666667
S405,0.05022482092783304,0.012775786993357284,0.9024852209886927,0.9621108787713828,0.1718226085167221,315.0,322.0,315.0,317.3333333333333
S002,0.048177020569082095,0.01225496386137577,0.901571029180575,0.9621108787713828,0.18342727928026592,319.0,317.0,319.0,318.3333333333333
S018,0.04821601261125401,-0.01226488091747206,0.9024852209886927,0.9621108787713828,0.17794185296838366,318.0,320.0,318.0,318.6666666666667
S199,0.048527058346352195,-0.012343990724758053,0.9024852209886927,0.9621108787713828,0.17104362684432323,317.0,324.0,317.0,319.3333333333333
S062,0.051842987203765165,-0.013187332682605949,0.9179959505019263,0.9621108787713828,0.14221645293659232,311.0,340.0,311.0,320.6666666666667
S215,0.04806668851618599,-0.012226902496523922,0.9024852209886927,0.9594017219140961,0.17652337131123055,321.0,321.0,321.0,321.0
S419,0.04670119666728859,0.011879606987228399,0.9024852209886927,0.9589431191073129,0.17795905944875232,324.0,319.0,324.0,322.3333333333333
S320,0.04750757717939436,0.01208470015685214,0.9070835971755601,0.991899562474813,0.16627729205541597,322.0,327.0,322.0,323.6666666666667
S345,0.04582454311030835,0.01165663901501277,0.8955029525765948,0.6048469749247536,0.1891089133725409,328.0,315.0,328.0,323.6666666666667
S546,0.04597162094212948,-0.011694046897367668,0.9024852209886927,0.9621108787713828,0.17129135934285714,327.0,323.0,327.0,325.6666666666667
S412,0.04402354578919333,-0.01119856812968008,0.8910209038395077,0.9621108787713828,0.19266894825203665,332.0,314.0,332.0,326.0
S077,0.046616273549271205,0.011858007727429119,0.9078261069381366,0.8939578246176355,0.16115091045139207,325.0,331.0,325.0,327.0
S499,0.046280287974428694,-0.011772553334267353,0.9078261069381366,0.931071313734607,0.16291768952415744,326.0,330.0,326.0,327.3333333333333
S084,0.04434080666014693,-0.011279261700121935,0.9024852209886927,0.9621108787713828,0.17082879052944722,330.0,326.0,330.0,328.6666666666667
S253,0.04562445323251535,0.01160574793190782,0.9078261069381366,0.9621108787713828,0.1603457376929231,329.0,332.0,329.0,330.0
S571,0.0471821385465835,-0.012001928942919172,0.9346524478001572,0.7653515936395213,0.13101724649150362,323.0,345.0,323.0,330.3333333333333
S355,0.04318364153401663,0.010984942015736758,0.9070835971755601,0.9621108787713828,0.16596533190472892,333.0,328.0,333.0,331.3333333333333
S367,0.04418405964096618,-0.0112393939789949,0.9179959505019263,0.9981297878796539,0.15312774283084335,331.0,333.0,331.0,331.6666666666667
S225,0.041857163662351364,-0.010647554897310936,0.9024852209886927,0.9798482112953504,0.17095207549527588,335.0,325.0,335.0,331.6666666666667
S429,0.04233763469355009,0.01076976221441428,0.9179959505019263,0.9981297878796539,0.1495278782362337,334.0,336.0,334.0,334.6666666666667
S304,0.04148442425126321,0.010552748679069307,0.9179959505019263,0.9621108787713828,0.14295191152839243,336.0,339.0,336.0,337.0
S092,0.03997312662423039,-0.010168347444808108,0.9179959505019263,0.9229717341677359,0.15013326659370324,339.0,335.0,339.0,337.6666666666667
S156,0.041409770495330525,0.010533760472167055,0.9179959505019263,0.9997549396282154,0.14640335186573078,338.0,337.0,338.0,337.6666666666667
S474,0.04141081751493293,0.010534026782019614,0.9179959505019263,0.9594017219140961,0.14199641475248242,337.0,341.0,337.0,338.3333333333333
S496,0.03758107153398978,-0.009559914839455065,0.9203053152179257,0.9467726424633036,0.13899611639803278,340.0,344.0,340.0,341.3333333333333
S094,0.037281942935937784,-0.009483829044931912,0.9179959505019263,0.9234909642878835,0.1414870800492197,341.0,342.0,341.0,341.3333333333333
S255,0.035518020681605506,-0.009035157751305698,0.9179959505019263,0.9621108787713828,0.15049193916205508,346.0,334.0,346.0,342.0
S527,0.03430146382026973,-0.008725711132034526,0.9179959505019263,0.9621108787713828,0.14502765647622107,348.0,338.0,348.0,344.6666666666667
S570,0.0359943657765622,0.009156321446646399,0.9362523713318748,0.6014857549428402,0.1212759500887569,343.0,350.0,343.0,345.3333333333333
S303,0.03648937707208139,0.009282232671205466,0.9362523713318748,0.9953315404098076,0.11912818679088152,342.0,353.0,342.0,345.6666666666667
S457,0.035625179846757574,0.009062414916737142,0.9362523713318748,0.9621108787713828,0.12219994348936486,345.0,348.0,345.0,346.0
S566,0.03577434608511319,-0.009100357030457735,0.9362523713318748,0.9886654202388973,0.12027007038323088,344.0,351.0,344.0,346.3333333333333
S480,0.03479650218263553,-0.00885163070606857,0.9362523713318748,0.9621108787713828,0.1282199112842855,347.0,346.0,347.0,346.6666666666667
S559,0.0341556980607012,0.008688633598164453,0.9362523713318748,0.9621108787713828,0.1199805059426356,350.0,352.0,350.0,350.6666666666667
S004,0.033168447836314445,-0.008437511934796136,0.9179959505019263,0.9621108787713828,0.14135160379641068,355.0,343.0,355.0,351.0
S561,0.034234637688876024,0.008708712987150386,0.937193300734708,0.9621108787713828,0.1162073157928384,349.0,356.0,349.0,351.3333333333333
S440,0.03409733397261065,0.00867378787633548,0.9362523713318748,0.991899562474813,0.1178652055272841,351.0,355.0,351.0,352.3333333333333
S181,0.03166152931430825,-0.008054201909280575,0.9362523713318748,0.991899562474813,0.1218162682192156,356.0,349.0,356.0,353.6666666666667
S267,0.033660798423622434,0.008562748774780393,0.9459799367576869,0.9621108787713828,0.11093634758739664,352.0,357.0,352.0,353.6666666666667
S586,0.03333693958932618,-0.008480370412886042,0.9362523713318748,0.9798482112953504,0.11907463867402955,354.0,354.0,354.0,354.0
S008,0.031184294251910685,0.007932808410661804,0.9362523713318748,0.9621108787713828,0.1275738072495139,358.0,347.0,358.0,354.3333333333333
S073,0.02653468178225305,-0.00675007659107279,0.9078261069381366,0.9953315404098076,0.1641604230561425,369.0,329.0,369.0,355.6666666666667
S475,0.03334026962811096,0.008481217459180648,0.9591619585345343,0.9594017219140961,0.09240575917829828,353.0,365.0,353.0,357.0
S072,0.0314519521596811,0.008000892156374204,0.9510484563645186,0.9621108787713828,0.10084151015358322,357.0,362.0,357.0,358.6666666666667
S548,0.03019131616815732,0.007680225089308463,0.9510484563645186,0.9966530245278922,0.10018246061102762,359.0,364.0,359.0,360.6666666666667
S495,0.02961383101172188,-0.00753332980971152,0.9510484563645186,0.9621108787713828,0.10043997168611013,360.0,363.0,360.0,361.0
S039,0.02852075083856925,0.007255280958638744,0.9507265402960062,0.9621108787713828,0.1063364229313305,362.0,359.0,362.0,361.0
S035,0.02782314266674734,-0.007077828177527391,0.9507265402960062,0.3636417756447757,0.1071164160403314,364.0,358.0,364.0,362.0
S560,0.027921385608182085,0.007102818583855743,0.9510484563645186,0.8965693580809547,0.1028848567980809,363.0,361.0,363.0,362.3333333333333
S168,0.028807308464076392,0.007328173323968157,0.9591619585345343,0.99571977584834,0.09132262806005798,361.0,366.0,361.0,362.6666666666667
S522,0.027430013218752023,0.0069778263097750055,0.9510484563645186,0.9346471355095644,0.1034178751447206,366.0,360.0,366.0,364.0
S539,0.027730764074702235,0.007054329494505669,0.9591619585345343,0.9621108787713828,0.0896608095457504,365.0,367.0,365.0,365.6666666666667
S184,0.026857616390125523,0.006832223127198688,0.9591619585345343,0.9981297878796539,0.0891272177605245,367.0,368.0,367.0,367.3333333333333
S221,0.026664706922989476,0.006783151770991542,0.9591619585345343,0.9621108787713828,0.08900033582918479,368.0,369.0,368.0,368.3333333333333
S140,0.02652158311006074,0.006746744611599267,0.9591619585345343,0.9589431191073129,0.08592797695762965,370.0,372.0,370.0,370.6666666666667
S409,0.02634386858431808,0.006701538392770825,0.9591619585345343,0.9621108787713828,0.08784801539696903,372.0,371.0,372.0,371.6666666666667
S302,0.026043830960056368,0.006625216083226976,0.9591619585345343,0.9621108787713828,0.08787588587546415,373.0,370.0,373.0,372.0
S203,0.026351790717076724,0.006703553590017124,0.9675994867304571,0.9621108787713828,0.07311591203715724,371.0,380.0,371.0,374.0
S119,0.024628856869018518,-0.0062652793840141385,0.9591619585345343,0.9621108787713828,0.08112682693446038,375.0,373.0,375.0,374.3333333333333
S456,0.025394346977348197,0.006460002683233851,0.9591619585345343,0.9793866160712418,0.07952980711630228,374.0,378.0,374.0,375.3333333333333
S482,0.024555847894261674,-0.006246707521297011,0.9591619585345343,0.9621108787713828,0.08066430965124283,376.0,376.0,376.0,376.0
S185,0.0240617127614517,0.006121010342068366,0.9591619585345343,0.9621108787713828,0.0810233337914204,378.0,375.0,378.0,377.0
S438,0.02430631558160467,-0.006183231990734669,0.9591619585345343,0.9621108787713828,0.0797362431768947,377.0,377.0,377.0,377.0
S391,0.02380767688436915,-0.006056389053199306,0.9591619585345343,0.9589431191073129,0.07895533348636422,379.0,379.0,379.0,379.0
S453,0.02208507501114883,-0.005618194052640624,0.9591619585345343,0.9997549396282154,0.08111366691294532,382.0,374.0,382.0,379.3333333333333
S289,0.022346334186765713,0.005684653305808111,0.9675994867304571,0.9981297878796539,0.06926756041822767,380.0,383.0,380.0,381.0
S223,0.022149200499374945,-0.005634506336625857,0.9675994867304571,0.9789197576793564,0.07267385651802255,381.0,381.0,381.0,381.0
S471,0.021923978474646798,-0.0055772141896857285,0.9675994867304571,0.9621108787713828,0.06921700990667295,383.0,384.0,383.0,383.3333333333333
S363,0.021084757693652346,0.00536373210124529,0.9675994867304571,0.9621108787713828,0.071552592652041,386.0,382.0,386.0,384.6666666666667
S066,0.021341707723510774,-0.005429095467765673,0.9692496673478536,0.9981297878796539,0.06282784023333247,385.0,389.0,385.0,386.3333333333333
S061,0.02183629521021407,0.005554909240477972,0.9697562830655044,0.9621108787713828,0.057585771244680714,384.0,392.0,384.0,386.6666666666667
S087,0.020083905786348343,-0.005109133117460148,0.9692496673478536,0.9621108787713828,0.06604895699359443,388.0,386.0,388.0,387.3333333333333
S070,0.020720605682697065,-0.005271098402844549,0.9692496673478536,0.9997549396282154,0.060874071245848566,387.0,391.0,387.0,388.3333333333333
S493,0.019621683073617707,0.004991551514467268,0.9692496673478536,0.9621108787713828,0.06460066710253595,391.0,387.0,391.0,389.6666666666667
S275,0.018097882914637008,0.004603921209993024,0.9675994867304571,0.9176434978341387,0.06833013044456042,392.0,385.0,392.0,389.6666666666667
S148,0.019985219588404365,0.005084029043424537,0.9697562830655044,0.9621108787713828,0.05712896080255042,389.0,393.0,389.0,390.3333333333333
S006,0.017821867498689845,0.004533707090929872,0.9692496673478536,0.9184103947999951,0.06382968959755217,393.0,388.0,393.0,391.3333333333333
S421,0.019622387222984563,0.004991730638258385,0.9697562830655044,0.9621108787713828,0.05614308866900919,390.0,395.0,390.0,391.6666666666667
S113,0.01757884825205134,-0.004471886639373618,0.9692496673478536,0.9589431191073129,0.061239266884062005,394.0,390.0,394.0,392.6666666666667
S169,0.017324972163431155,0.004407304315299622,0.9697562830655044,0.9981297878796539,0.055128701261401576,395.0,396.0,395.0,395.3333333333333
S362,0.016725268801276012,-0.004254748427422,0.9738630098526588,0.6187102614019213,0.049236857858376365,396.0,398.0,396.0,396.6666666666667
S497,0.015518924490133593,-0.003947870940664019,0.9697562830655044,0.9621108787713828,0.05643418661373015,400.0,394.0,400.0,398.0
S283,0.01651631580505532,-0.004201593727862537,0.9738630098526588,0.9621108787713828,0.04795150527326579,398.0,400.0,398.0,398.6666666666667
S120,0.016549743711899333,-0.004210097319005117,0.9738630098526588,0.9621108787713828,0.04460725377760747,397.0,404.0,397.0,399.3333333333333
S459,0.014401722395069861,-0.003663669017275242,0.9738630098526588,0.986634130513813,0.04795643018432568,401.0,399.0,401.0,400.3333333333333
S071,0.015761574585738222,0.004009597897289205,0.9752309678645957,0.8104650304185016,0.04241620383635761,399.0,405.0,399.0,401.0
S250,0.014300671735246377,-0.003637962977096873,0.9715925549597902,0.9621108787713828,0.05321180423597281,403.0,397.0,403.0,401.0
S500,0.014400659394630793,-0.003663398603126499,0.9738630098526588,0.9621108787713828,0.044662931071028034,402.0,403.0,402.0,402.3333333333333
S321,0.013946202673950244,-0.003547790367875582,0.9738630098526588,0.99571977584834,0.04752832429035659,404.0,401.0,404.0,403.0
S308,0.01302904801917924,-0.00331447700496704,0.9738630098526588,0.9621108787713828,0.04619137842260194,406.0,402.0,406.0,404.6666666666667
S034,0.013693945831535742,0.003483619248625453,0.9752309678645957,0.5456102628870406,0.041622367662898896,405.0,406.0,405.0,405.3333333333333
S012,0.012782487325564813,-0.003251754768961748,0.9752309678645957,0.99571977584834,0.040784596457678665,407.0,407.0,407.0,407.0
S269,0.012153741847092414,-0.003091808898783252,0.9760166047457159,0.9621108787713828,0.03778701633908241,408.0,409.0,408.0,408.3333333333333
S187,0.011463586167477401,-0.00291624068240177,0.9760166047457159,0.9798482112953504,0.038179011457322574,410.0,408.0,410.0,409.3333333333333
S224,0.011777107686643348,-0.002995997234852704,0.9760166047457159,0.6104394658614315,0.03407923133064178,409.0,413.0,409.0,410.3333333333333
S291,0.011237072114568236,0.0028586178727328425,0.9760166047457159,0.9621108787713828,0.03512153947838035,411.0,411.0,411.0,411.0
S541,0.011158674632184019,0.002838674365223853,0.9760166047457159,0.99571977584834,0.03450648042476197,412.0,412.0,412.0,412.0
S020,0.010361171896863312,0.0026357977412218097,0.9760166047457159,0.991899562474813,0.03569267119590479,414.0,410.0,414.0,412.6666666666667
S057,0.01075719724543493,0.002736542623800092,0.9784655966116022,0.9621108787713828,0.031012003240434873,413.0,414.0,413.0,413.3333333333333
S107,0.009562960725782318,0.0024327405724428627,0.9784655966116022,0.9621108787713828,0.030601656557767993,415.0,415.0,415.0,415.0
S116,0.008631059334239478,-0.0021956735311472273,0.9784655966116022,0.4395904976155005,0.02880487406514915,416.0,417.0,416.0,416.3333333333333
S003,0.008490787072622137,-0.0021599895402107908,0.9784655966116022,0.9621108787713828,0.02943447824516089,417.0,416.0,417.0,416.6666666666667
S167,0.007938083996201448,0.002019386812117571,0.9848847096068541,0.99571977584834,0.02492481243963048,418.0,418.0,418.0,418.0
S051,0.00766588407153006,0.0019501415369554162,0.9853458227156996,0.9594017219140961,0.022570314198900474,419.0,419.0,419.0,419.0
S473,0.007350188137672416,0.0018698312232055829,0.9853458227156996,0.9953315404098076,0.021689737171965328,420.0,420.0,420.0,420.0
S407,0.006589720887989106,0.001676374789916901,0.9853458227156996,0.9798482112953504,0.020999232597821785,421.0,421.0,421.0,421.0
S136,0.006342692889081926,0.0016135329157799516,0.9853458227156996,0.991899562474813,0.02000769861094352,422.0,422.0,422.0,422.0
S568,0.006199109256949355,0.0015770064217776171,0.9853458227156996,0.9589431191073129,0.01888576933828692,423.0,423.0,423.0,423.0
S564,0.005737642537913413,-0.0014596130453383563,0.9853458227156996,0.9621108787713828,0.017508879443022457,424.0,425.0,424.0,424.3333333333333
S096,0.004965398098961777,-0.001263160214496375,0.9853458227156996,0.9621108787713828,0.018133010557900845,426.0,424.0,426.0,425.3333333333333
S312,0.005237707871686515,0.0013324336683593905,0.9858143630732036,0.9953315404098076,0.01628174873710527,425.0,426.0,425.0,425.3333333333333
S177,0.003062196626903229,0.0007790003506689247,0.9950236145987875,0.99571977584834,0.009456702943184837,427.0,428.0,427.0,427.3333333333333
S393,0.002606054529977062,0.0006629612039678249,0.9950236145987875,0.9749395395091701,0.009866066497830889,429.0,427.0,429.0,428.3333333333333
S472,0.0030453525242800697,-0.0007747153371469227,0.9950236145987875,0.9621108787713828,0.00850191381198253,428.0,429.0,428.0,428.3333333333333
S001,0.0023133294860905097,-0.0005884941220895324,0.9950236145987875,0.9953315404098076,0.008184645839508035,430.0,430.0,430.0,430.0
S552,0.0017713548344949835,0.00045061976219801047,0.9982151463383194,0.9036270886078058,0.0057850637948939545,431.0,431.0,431.0,431.0
S448,0.0009848832202740347,0.0002505471320594316,0.9986971793640421,0.9886654202388973,0.003031533014446433,432.0,432.0,432.0,432.0
S081,0.0009585288842582117,0.0002438427809523691,0.9986971793640421,0.9621108787713828,0.0024995707943081882,433.0,433.0,433.0,433.0
S105,0.0007460191093146891,-0.00018978184108859293,0.9986971793640421,0.9621108787713828,0.00246272465539345,434.0,434.0,434.0,434.0
S549,0.0004833264194988132,-0.00012295473072007556,0.9986971793640421,0.8901750084805492,0.0015634090205385463,435.0,435.0,435.0,435.0
S317,0.00017397294748182143,4.425745456489517e-05,0.9987000066752327,0.9798482112953504,0.0005649472208798225,436.0,436.0,436.0,436.0
